scenario_id,temperature_c,humidity_pct,occupancy_count,tariff_level
SC00001,28.11,49.89,85,high
SC00002,43.67,46.63,1,medium
SC00003,37.76,34.09,3,low
SC00004,34.16,68.58,44,low
SC00005,22.21,58.13,12,low
SC00006,22.21,89.26,54,low
SC00007,19.57,22.57,31,low
SC00008,41.39,71.51,21,medium
SC00009,34.23,81.04,88,low
SC00010,37.12,80.76,90,high
SC00011,18.56,90.89,54,medium
SC00012,44.19,78.32,16,high
SC00013,40.48,94.22,69,medium
SC00014,23.73,46.61,50,high
SC00015,22.91,60.26,79,high
SC00016,22.95,21.13,7,high
SC00017,26.21,20.56,60,medium
SC00018,32.17,39.21,96,medium
SC00019,29.66,28.06,9,medium
SC00020,25.86,40.82,97,medium
SC00021,34.52,34.16,18,low
SC00022,21.77,22.28,13,low
SC00023,25.89,92.74,66,low
SC00024,27.89,20.66,54,low
SC00025,30.31,78.89,60,low
SC00026,39.2,32.17,55,medium
SC00027,23.39,92.98,62,low
SC00028,31.88,91.42,86,medium
SC00029,34.0,72.31,10,high
SC00030,19.25,73.78,46,medium
SC00031,34.4,20.43,5,high
SC00032,22.6,98.79,33,low
SC00033,19.76,90.23,64,high
SC00034,43.62,91.61,98,low
SC00035,44.07,72.74,88,high
SC00036,39.83,47.58,63,low
SC00037,26.22,91.49,92,high
SC00038,20.64,43.32,86,low
SC00039,36.47,65.02,81,medium
SC00040,29.88,27.98,77,low
SC00041,21.3,93.76,80,medium
SC00042,31.37,31.26,65,medium
SC00043,18.93,37.99,30,high
SC00044,42.55,64.65,82,medium
SC00045,24.99,81.13,95,medium
SC00046,35.89,69.55,61,low
SC00047,26.42,38.57,53,medium
SC00048,32.04,20.08,91,low
SC00049,32.76,80.57,7,high
SC00050,22.99,98.82,41,low
SC00051,44.18,84.79,40,medium
SC00052,38.93,56.82,58,medium
SC00053,43.37,92.3,39,medium
SC00054,42.16,52.79,21,medium
SC00055,34.14,61.99,23,low
SC00056,42.89,58.17,37,low
SC00057,20.39,55.81,1,high
SC00058,23.29,82.02,40,low
SC00059,19.22,62.14,18,high
SC00060,26.78,45.34,1,medium
SC00061,28.49,40.65,91,medium
SC00062,25.33,23.02,95,low
SC00063,40.38,66.66,61,medium
SC00064,27.63,38.4,82,medium
SC00065,25.59,31.85,15,medium
SC00066,32.65,72.31,93,high
SC00067,21.8,74.5,21,low
SC00068,39.66,80.17,13,high
SC00069,20.01,60.29,55,low
SC00070,44.65,91.52,64,low
SC00071,38.85,94.91,44,low
SC00072,23.37,84.59,53,low
SC00073,18.15,70.85,65,medium
SC00074,40.02,44.3,85,low
SC00075,37.09,98.64,45,medium
SC00076,37.68,41.93,32,low
SC00077,38.82,36.21,78,low
SC00078,20.0,55.37,49,low
SC00079,27.68,24.55,21,high
SC00080,21.13,98.28,39,low
SC00081,41.3,67.07,38,high
SC00082,34.83,64.56,40,low
SC00083,26.93,72.46,74,medium
SC00084,19.72,59.76,67,low
SC00085,26.4,22.57,6,low
SC00086,26.78,68.98,84,high
SC00087,37.7,77.29,70,medium
SC00088,35.21,53.34,3,low
SC00089,41.95,80.58,75,low
SC00090,30.75,38.16,90,low
SC00091,21.23,37.7,58,high
SC00092,37.26,32.91,80,high
SC00093,38.54,49.76,83,medium
SC00094,33.15,87.76,94,medium
SC00095,38.82,86.23,25,high
SC00096,31.33,50.63,30,medium
SC00097,32.11,67.13,98,high
SC00098,29.54,77.67,72,medium
SC00099,18.69,39.3,68,low
SC00100,20.91,33.45,51,high
SC00101,18.85,97.77,71,medium
SC00102,35.18,69.4,20,medium
SC00103,26.49,98.51,15,low
SC00104,31.73,47.02,50,medium
SC00105,42.5,76.24,15,medium
SC00106,24.73,37.81,17,low
SC00107,29.08,40.9,46,medium
SC00108,38.4,60.95,55,medium
SC00109,24.18,45.57,27,medium
SC00110,20.08,33.41,81,high
SC00111,25.82,41.03,77,high
SC00112,22.35,22.86,55,medium
SC00113,43.1,76.35,36,medium
SC00114,39.82,59.37,15,medium
SC00115,35.1,27.54,84,high
SC00116,41.53,33.74,64,medium
SC00117,39.7,28.2,59,high
SC00118,23.04,69.01,60,low
SC00119,42.1,27.54,10,low
SC00120,32.56,80.34,74,low
SC00121,39.8,21.64,65,medium
SC00122,42.19,39.95,31,low
SC00123,26.59,91.25,18,low
SC00124,20.97,77.48,55,medium
SC00125,24.15,25.84,4,low
SC00126,29.53,85.69,2,low
SC00127,40.09,59.44,27,low
SC00128,41.24,87.74,89,high
SC00129,18.19,68.06,86,medium
SC00130,31.79,74.55,93,high
SC00131,29.27,99.48,71,low
SC00132,24.0,38.59,99,low
SC00133,21.24,69.92,28,low
SC00134,27.12,56.83,76,high
SC00135,43.46,23.16,58,medium
SC00136,26.73,21.16,24,medium
SC00137,32.01,29.54,21,high
SC00138,36.98,71.93,96,low
SC00139,27.82,65.37,100,low
SC00140,44.24,64.27,70,medium
SC00141,43.99,22.55,22,high
SC00142,24.8,57.54,69,medium
SC00143,31.43,93.97,78,high
SC00144,26.12,51.81,78,medium
SC00145,25.69,69.99,39,high
SC00146,19.0,82.39,97,medium
SC00147,34.46,82.71,13,low
SC00148,31.57,61.54,28,medium
SC00149,19.39,88.64,15,high
SC00150,25.52,51.31,92,medium
SC00151,42.52,91.1,86,low
SC00152,24.47,39.22,9,low
SC00153,21.91,42.42,46,low
SC00154,31.22,24.25,3,high
SC00155,44.61,83.65,11,low
SC00156,24.54,53.36,41,medium
SC00157,36.15,38.33,97,medium
SC00158,38.56,38.54,3,high
SC00159,24.42,92.11,83,high
SC00160,37.66,86.71,91,high
SC00161,27.93,64.28,91,medium
SC00162,35.07,69.29,5,high
SC00163,35.11,57.95,13,low
SC00164,32.47,51.33,34,medium
SC00165,20.44,93.24,46,high
SC00166,40.55,30.05,57,low
SC00167,26.66,53.48,64,high
SC00168,23.04,47.56,18,medium
SC00169,19.1,59.85,56,medium
SC00170,33.95,56.61,64,low
SC00171,36.29,61.51,12,medium
SC00172,18.45,31.19,7,low
SC00173,31.83,61.05,17,low
SC00174,24.12,39.39,34,high
SC00175,35.42,34.75,86,high
SC00176,22.71,25.19,25,low
SC00177,36.66,81.01,37,medium
SC00178,28.44,54.2,83,medium
SC00179,43.29,70.13,65,medium
SC00180,21.71,78.21,25,medium
SC00181,27.21,74.35,56,medium
SC00182,21.06,57.64,99,medium
SC00183,42.97,51.03,24,high
SC00184,41.69,50.08,29,medium
SC00185,24.96,71.2,81,low
SC00186,35.82,59.58,6,medium
SC00187,40.06,87.93,26,medium
SC00188,32.99,89.98,10,medium
SC00189,32.3,33.64,100,medium
SC00190,24.53,30.9,7,medium
SC00191,20.51,70.43,10,low
SC00192,42.22,44.1,87,medium
SC00193,42.31,21.49,29,medium
SC00194,35.09,91.09,93,high
SC00195,27.15,38.15,14,medium
SC00196,27.43,94.34,55,medium
SC00197,37.6,77.39,34,high
SC00198,42.22,81.01,38,low
SC00199,41.95,36.12,23,low
SC00200,39.06,38.74,7,medium
SC00201,35.33,61.7,42,low
SC00202,20.27,33.77,41,medium
SC00203,22.36,44.43,83,low
SC00204,42.26,45.72,40,high
SC00205,34.37,32.77,46,low
SC00206,18.25,36.41,25,medium
SC00207,20.74,83.08,51,medium
SC00208,35.91,33.38,87,medium
SC00209,18.14,22.28,21,low
SC00210,22.34,70.35,4,high
SC00211,32.82,98.08,14,low
SC00212,36.68,46.5,35,low
SC00213,35.6,29.49,100,low
SC00214,24.06,65.63,62,low
SC00215,37.23,92.51,92,high
SC00216,24.41,82.72,78,medium
SC00217,26.79,69.8,90,medium
SC00218,38.16,45.2,48,high
SC00219,35.54,63.35,54,low
SC00220,40.93,27.3,71,medium
SC00221,35.76,74.32,59,high
SC00222,33.34,78.01,56,high
SC00223,20.53,97.2,28,low
SC00224,27.93,40.83,18,medium
SC00225,25.16,21.48,94,low
SC00226,24.59,63.65,72,medium
SC00227,44.27,76.54,9,medium
SC00228,28.61,83.23,100,high
SC00229,42.09,35.5,9,low
SC00230,35.04,40.94,96,low
SC00231,39.46,61.01,88,low
SC00232,31.57,46.45,56,low
SC00233,33.58,88.84,53,low
SC00234,31.3,57.9,55,high
SC00235,23.27,83.97,67,low
SC00236,37.51,66.45,68,low
SC00237,25.58,81.85,86,medium
SC00238,18.66,46.61,54,high
SC00239,35.43,86.51,68,high
SC00240,22.78,41.97,71,high
SC00241,43.39,63.69,80,low
SC00242,43.76,37.12,0,high
SC00243,42.7,58.04,11,medium
SC00244,27.99,45.45,34,medium
SC00245,18.42,41.34,77,high
SC00246,43.06,97.36,81,high
SC00247,29.56,32.81,73,high
SC00248,44.1,82.99,78,low
SC00249,44.02,98.73,32,medium
SC00250,41.03,21.59,82,high
SC00251,25.95,75.92,97,medium
SC00252,28.4,40.23,24,low
SC00253,40.98,23.24,15,high
SC00254,26.56,52.23,7,low
SC00255,22.58,94.82,34,high
SC00256,33.03,20.94,84,high
SC00257,43.28,67.03,82,medium
SC00258,36.79,60.11,45,medium
SC00259,33.39,89.87,10,low
SC00260,20.62,26.72,60,high
SC00261,34.61,74.52,43,medium
SC00262,44.73,74.41,10,medium
SC00263,21.78,73.53,10,medium
SC00264,31.99,95.39,21,low
SC00265,41.69,85.85,84,medium
SC00266,38.0,23.36,90,high
SC00267,36.82,57.69,81,high
SC00268,36.97,51.84,61,low
SC00269,27.71,44.81,47,low
SC00270,25.93,56.11,93,medium
SC00271,39.85,50.74,62,medium
SC00272,39.87,54.59,50,medium
SC00273,41.41,98.34,44,high
SC00274,42.66,27.09,32,low
SC00275,31.81,93.78,84,low
SC00276,31.54,58.42,59,low
SC00277,39.55,69.9,1,high
SC00278,35.55,86.41,12,low
SC00279,36.95,48.84,65,medium
SC00280,39.49,54.43,56,medium
SC00281,42.03,52.76,42,medium
SC00282,27.13,49.98,44,low
SC00283,28.14,94.04,30,medium
SC00284,20.54,86.31,9,medium
SC00285,33.61,28.72,22,high
SC00286,18.97,28.65,85,high
SC00287,30.57,54.23,28,medium
SC00288,32.65,27.89,96,high
SC00289,25.74,69.53,30,low
SC00290,33.95,31.5,77,high
SC00291,18.82,61.79,73,medium
SC00292,19.01,20.58,17,medium
SC00293,40.21,45.33,10,low
SC00294,27.73,74.18,46,medium
SC00295,21.43,58.72,2,low
SC00296,32.1,98.26,1,medium
SC00297,38.79,89.93,53,low
SC00298,23.83,48.73,71,high
SC00299,34.82,23.64,30,medium
SC00300,20.3,87.65,7,high
SC00301,19.4,92.9,42,high
SC00302,32.35,85.65,47,low
SC00303,32.6,30.24,1,low
SC00304,35.21,99.83,21,medium
SC00305,37.6,40.69,4,high
SC00306,44.35,77.94,6,medium
SC00307,31.94,92.64,19,high
SC00308,26.72,38.85,91,high
SC00309,39.47,92.66,76,high
SC00310,25.31,44.76,1,medium
SC00311,29.85,98.11,31,medium
SC00312,20.12,42.5,89,high
SC00313,18.68,96.27,2,high
SC00314,43.99,24.28,40,medium
SC00315,40.57,76.74,41,medium
SC00316,36.79,62.57,76,medium
SC00317,29.04,58.23,84,medium
SC00318,22.68,37.88,44,high
SC00319,22.22,76.45,100,medium
SC00320,24.76,35.26,86,low
SC00321,32.83,64.23,70,low
SC00322,37.29,40.26,16,high
SC00323,35.83,96.45,91,medium
SC00324,25.56,22.29,46,medium
SC00325,43.78,35.98,93,low
SC00326,37.92,39.38,68,medium
SC00327,32.97,53.13,23,low
SC00328,34.52,38.62,70,medium
SC00329,29.33,59.31,33,medium
SC00330,24.69,89.8,49,medium
SC00331,27.61,76.97,41,high
SC00332,38.46,66.4,32,low
SC00333,18.39,27.12,26,low
SC00334,21.13,75.52,77,low
SC00335,19.24,33.31,58,low
SC00336,19.1,82.91,18,low
SC00337,41.1,40.0,75,high
SC00338,37.0,53.36,2,medium
SC00339,30.8,48.04,70,high
SC00340,20.64,88.71,98,low
SC00341,31.27,30.12,24,medium
SC00342,30.78,65.25,14,high
SC00343,22.68,31.36,82,low
SC00344,29.71,76.38,59,medium
SC00345,28.76,92.41,82,high
SC00346,34.63,54.77,22,medium
SC00347,35.15,59.05,10,medium
SC00348,19.22,94.19,58,low
SC00349,28.11,61.68,84,high
SC00350,34.9,59.01,33,medium
SC00351,31.58,66.27,6,low
SC00352,41.13,75.14,43,high
SC00353,35.78,28.55,90,medium
SC00354,22.4,85.69,63,medium
SC00355,19.91,54.84,22,high
SC00356,35.35,25.79,57,medium
SC00357,18.72,82.89,19,low
SC00358,33.82,50.16,26,medium
SC00359,43.39,28.03,59,high
SC00360,33.54,70.7,7,medium
SC00361,28.48,90.41,100,high
SC00362,35.37,91.02,66,low
SC00363,30.37,96.61,1,low
SC00364,32.73,89.42,21,medium
SC00365,43.42,20.17,69,medium
SC00366,28.42,50.42,35,low
SC00367,43.95,85.48,23,high
SC00368,42.44,49.3,11,low
SC00369,23.29,68.12,80,low
SC00370,19.87,68.51,21,high
SC00371,20.72,49.2,82,medium
SC00372,18.49,92.36,72,high
SC00373,20.55,60.26,75,low
SC00374,36.44,57.18,95,low
SC00375,19.92,99.8,94,high
SC00376,26.61,59.48,80,high
SC00377,40.81,34.27,22,medium
SC00378,18.63,61.05,73,low
SC00379,39.99,85.12,62,medium
SC00380,25.61,82.15,29,low
SC00381,21.19,83.09,18,high
SC00382,36.81,76.64,25,low
SC00383,34.98,40.34,89,high
SC00384,41.69,88.97,10,medium
SC00385,37.85,91.48,19,medium
SC00386,39.69,35.53,55,high
SC00387,25.61,30.44,44,low
SC00388,22.79,98.05,67,high
SC00389,38.27,89.47,46,low
SC00390,39.78,91.46,75,medium
SC00391,44.74,90.91,88,medium
SC00392,29.14,63.33,57,high
SC00393,28.04,71.71,9,low
SC00394,38.96,63.63,21,medium
SC00395,27.2,24.1,70,medium
SC00396,43.13,79.64,23,low
SC00397,41.18,60.43,65,low
SC00398,29.58,71.82,95,medium
SC00399,38.27,60.21,84,low
SC00400,38.37,59.34,60,medium
SC00401,20.78,33.74,6,high
SC00402,42.37,42.3,71,high
SC00403,31.64,32.71,37,medium
SC00404,40.31,35.65,20,medium
SC00405,26.64,97.84,7,low
SC00406,42.18,32.25,88,medium
SC00407,28.51,41.54,27,high
SC00408,18.29,67.25,91,low
SC00409,42.45,68.81,53,medium
SC00410,20.46,32.32,30,high
SC00411,26.62,83.5,99,medium
SC00412,43.65,82.82,88,medium
SC00413,43.67,38.99,40,low
SC00414,33.48,43.09,36,medium
SC00415,35.06,95.04,37,low
SC00416,30.11,86.05,50,medium
SC00417,25.92,75.82,75,medium
SC00418,26.87,26.58,36,high
SC00419,36.16,53.46,100,low
SC00420,38.31,64.74,30,medium
SC00421,39.37,34.99,61,medium
SC00422,39.32,55.86,17,low
SC00423,20.46,68.08,89,medium
SC00424,31.35,46.19,5,low
SC00425,19.55,82.48,8,low
SC00426,32.84,87.24,10,low
SC00427,29.92,45.89,94,low
SC00428,41.97,87.09,1,high
SC00429,27.47,28.29,28,low
SC00430,21.16,87.02,50,high
SC00431,21.86,32.22,68,medium
SC00432,38.56,26.63,22,medium
SC00433,34.69,71.34,99,medium
SC00434,20.73,57.75,6,high
SC00435,20.27,92.63,55,high
SC00436,36.93,49.06,76,high
SC00437,19.96,42.97,61,high
SC00438,40.19,60.06,73,low
SC00439,37.07,56.48,99,high
SC00440,20.2,47.55,79,high
SC00441,20.29,75.5,14,low
SC00442,44.64,80.76,52,high
SC00443,28.11,88.24,42,medium
SC00444,28.01,97.83,82,high
SC00445,39.95,41.33,84,high
SC00446,43.58,77.29,34,high
SC00447,44.62,51.54,78,high
SC00448,38.34,74.17,13,low
SC00449,28.16,58.08,92,low
SC00450,20.25,99.5,68,low
SC00451,38.98,78.31,48,low
SC00452,33.08,96.2,17,medium
SC00453,29.45,86.8,50,medium
SC00454,42.47,92.23,0,medium
SC00455,21.0,85.15,26,high
SC00456,31.3,56.73,63,high
SC00457,18.31,40.14,59,medium
SC00458,30.65,49.63,90,medium
SC00459,19.52,21.62,88,low
SC00460,21.21,61.92,40,low
SC00461,21.17,60.4,20,medium
SC00462,35.53,62.02,13,high
SC00463,38.14,97.92,19,medium
SC00464,33.75,92.92,91,high
SC00465,43.98,32.94,84,low
SC00466,28.12,49.51,86,low
SC00467,25.71,53.92,10,high
SC00468,41.45,48.84,65,low
SC00469,24.04,83.88,83,medium
SC00470,44.01,61.92,23,high
SC00471,18.33,65.77,88,low
SC00472,44.19,88.24,36,medium
SC00473,19.17,84.47,85,medium
SC00474,42.06,30.58,23,high
SC00475,32.25,77.11,14,low
SC00476,44.81,54.83,11,high
SC00477,19.99,43.57,94,low
SC00478,32.95,24.0,63,medium
SC00479,44.17,58.98,30,medium
SC00480,32.12,48.43,52,low
SC00481,34.99,40.12,93,low
SC00482,36.79,75.57,83,low
SC00483,30.27,81.56,71,medium
SC00484,34.94,39.58,43,low
SC00485,33.78,23.96,29,high
SC00486,42.33,87.9,34,low
SC00487,19.23,20.8,20,high
SC00488,25.59,94.97,62,high
SC00489,43.66,70.21,91,medium
SC00490,42.04,45.75,16,medium
SC00491,30.3,39.72,11,low
SC00492,34.74,20.72,17,high
SC00493,25.49,38.84,91,medium
SC00494,23.08,31.02,59,high
SC00495,30.52,68.97,66,medium
SC00496,27.54,33.32,14,high
SC00497,33.76,62.29,15,medium
SC00498,20.1,67.21,21,high
SC00499,44.31,43.84,94,low
SC00500,44.63,22.81,62,medium
SC00501,36.85,22.98,30,medium
SC00502,32.47,22.11,0,medium
SC00503,26.36,79.13,74,medium
SC00504,39.97,45.44,5,medium
SC00505,36.49,83.7,86,low
SC00506,22.39,54.54,8,medium
SC00507,42.6,56.24,51,medium
SC00508,40.21,61.03,79,low
SC00509,43.64,77.04,61,high
SC00510,37.59,41.88,57,low
SC00511,34.56,29.73,18,low
SC00512,29.29,64.48,12,medium
SC00513,43.18,46.16,31,high
SC00514,41.38,55.4,99,medium
SC00515,19.22,71.76,8,high
SC00516,18.71,59.53,48,medium
SC00517,28.16,69.62,36,high
SC00518,39.88,63.54,30,low
SC00519,44.66,79.18,30,high
SC00520,22.06,76.47,58,medium
SC00521,34.04,62.74,54,medium
SC00522,28.28,74.31,18,low
SC00523,44.19,89.88,62,high
SC00524,40.74,54.58,1,high
SC00525,40.63,53.02,44,high
SC00526,30.65,81.14,95,low
SC00527,29.2,66.6,42,low
SC00528,25.38,25.68,97,low
SC00529,19.52,91.37,0,medium
SC00530,41.35,22.46,84,high
SC00531,39.95,79.87,60,medium
SC00532,44.99,80.7,2,low
SC00533,44.91,96.25,90,medium
SC00534,33.0,24.33,43,high
SC00535,38.76,67.75,6,low
SC00536,43.51,54.23,32,high
SC00537,40.94,46.45,8,low
SC00538,24.68,27.23,29,high
SC00539,30.16,65.01,17,medium
SC00540,21.49,58.32,55,low
SC00541,43.76,28.36,89,high
SC00542,34.37,69.0,83,medium
SC00543,24.17,79.04,30,medium
SC00544,36.14,81.38,71,medium
SC00545,34.69,92.43,62,low
SC00546,27.67,52.76,86,high
SC00547,21.07,96.25,49,medium
SC00548,36.13,89.23,88,high
SC00549,32.05,43.72,0,medium
SC00550,38.85,32.74,81,low
SC00551,32.04,54.83,18,low
SC00552,41.01,52.15,63,high
SC00553,32.9,66.06,52,high
SC00554,33.15,66.67,5,medium
SC00555,41.67,80.0,16,low
SC00556,28.89,60.79,45,high
SC00557,21.62,28.39,71,high
SC00558,18.78,88.66,72,high
SC00559,38.39,44.78,100,low
SC00560,34.75,97.7,54,low
SC00561,37.01,29.43,90,medium
SC00562,23.75,96.66,99,low
SC00563,21.68,27.28,5,high
SC00564,18.39,38.48,69,medium
SC00565,27.47,23.73,67,high
SC00566,33.93,76.41,85,low
SC00567,28.59,88.02,39,medium
SC00568,29.81,54.73,90,medium
SC00569,42.41,94.28,100,low
SC00570,27.4,67.22,65,medium
SC00571,31.88,70.4,8,medium
SC00572,39.16,87.63,10,high
SC00573,28.71,43.74,19,low
SC00574,34.8,48.34,42,high
SC00575,41.28,92.48,57,high
SC00576,43.64,92.08,77,high
SC00577,21.97,98.12,25,high
SC00578,43.02,92.15,37,low
SC00579,31.29,30.19,93,medium
SC00580,24.97,85.9,35,high
SC00581,30.4,52.79,98,medium
SC00582,44.46,99.26,54,medium
SC00583,31.3,57.78,5,high
SC00584,26.88,64.31,2,medium
SC00585,35.1,62.38,64,high
SC00586,24.48,45.74,63,medium
SC00587,20.05,26.0,57,high
SC00588,21.48,91.65,57,high
SC00589,21.46,84.21,17,medium
SC00590,22.1,31.16,22,low
SC00591,21.75,82.14,95,low
SC00592,35.3,70.07,28,medium
SC00593,22.91,52.73,22,high
SC00594,27.33,40.32,35,medium
SC00595,42.21,88.78,69,low
SC00596,30.8,76.02,80,low
SC00597,36.02,63.82,81,medium
SC00598,22.65,68.77,94,medium
SC00599,23.19,27.29,5,high
SC00600,19.1,57.91,33,medium
SC00601,22.56,35.5,43,medium
SC00602,25.52,36.67,43,medium
SC00603,22.78,72.9,26,high
SC00604,20.39,92.9,99,medium
SC00605,21.26,52.3,51,low
SC00606,30.44,36.62,41,low
SC00607,23.57,71.9,24,high
SC00608,27.84,89.69,73,low
SC00609,31.59,79.87,38,low
SC00610,36.64,89.5,38,low
SC00611,19.06,62.92,11,high
SC00612,39.58,80.15,10,low
SC00613,34.95,31.21,2,high
SC00614,20.21,47.86,21,medium
SC00615,41.59,51.16,3,medium
SC00616,42.86,60.9,7,high
SC00617,19.65,94.33,13,medium
SC00618,25.48,89.94,83,medium
SC00619,39.77,30.76,87,low
SC00620,38.2,33.82,13,medium
SC00621,22.98,48.61,91,high
SC00622,23.65,43.26,15,high
SC00623,28.0,69.18,31,high
SC00624,31.08,92.22,63,high
SC00625,34.69,96.98,75,high
SC00626,27.96,72.29,15,high
SC00627,30.49,87.05,51,medium
SC00628,38.18,62.02,18,medium
SC00629,18.99,36.67,68,high
SC00630,24.82,61.98,11,medium
SC00631,37.26,64.41,92,high
SC00632,42.17,79.4,4,low
SC00633,31.82,37.59,41,low
SC00634,32.37,49.46,16,low
SC00635,20.89,49.12,71,low
SC00636,30.08,96.76,93,high
SC00637,32.38,55.52,9,low
SC00638,24.55,80.41,83,medium
SC00639,25.27,80.06,15,low
SC00640,28.19,41.24,15,low
SC00641,18.54,65.75,41,low
SC00642,26.7,91.54,2,high
SC00643,23.71,58.02,22,high
SC00644,26.84,95.61,85,medium
SC00645,21.23,37.16,27,high
SC00646,42.04,25.93,44,high
SC00647,34.03,91.32,99,medium
SC00648,36.34,87.81,67,low
SC00649,39.31,99.41,23,low
SC00650,31.46,74.35,18,low
SC00651,20.35,94.94,74,low
SC00652,32.5,86.16,39,medium
SC00653,33.84,87.55,45,low
SC00654,38.13,65.53,39,high
SC00655,29.65,50.59,61,high
SC00656,21.44,94.76,17,low
SC00657,25.66,54.57,11,high
SC00658,27.8,63.11,13,high
SC00659,35.44,55.69,81,low
SC00660,33.41,65.19,60,medium
SC00661,27.61,57.64,11,low
SC00662,44.64,23.84,26,low
SC00663,34.36,90.56,5,medium
SC00664,24.41,55.55,87,medium
SC00665,20.75,67.12,32,low
SC00666,22.13,31.14,79,medium
SC00667,24.64,20.27,49,high
SC00668,22.34,39.62,11,high
SC00669,23.04,76.37,94,high
SC00670,25.7,27.94,56,high
SC00671,22.68,92.71,100,high
SC00672,42.21,37.2,52,low
SC00673,20.17,36.37,12,high
SC00674,32.16,34.52,71,high
SC00675,29.08,21.12,2,low
SC00676,44.52,81.74,63,medium
SC00677,21.03,90.0,83,medium
SC00678,28.74,69.13,57,low
SC00679,44.18,35.06,3,low
SC00680,41.37,42.82,44,low
SC00681,40.06,58.07,65,high
SC00682,24.96,96.35,35,low
SC00683,22.61,39.79,22,low
SC00684,36.05,78.53,18,low
SC00685,43.09,55.16,39,high
SC00686,33.03,43.83,71,high
SC00687,33.43,56.47,15,medium
SC00688,25.56,25.7,57,low
SC00689,38.78,83.89,17,medium
SC00690,23.05,39.46,35,high
SC00691,26.74,78.03,23,high
SC00692,29.49,25.47,0,high
SC00693,31.71,96.41,0,low
SC00694,24.55,35.44,63,low
SC00695,21.1,90.62,61,low
SC00696,34.49,84.76,35,high
SC00697,25.79,97.43,74,medium
SC00698,33.69,58.23,17,high
SC00699,22.17,78.19,15,high
SC00700,30.99,49.66,16,high
SC00701,32.38,34.75,23,low
SC00702,19.4,55.45,97,low
SC00703,27.09,33.26,67,high
SC00704,21.63,98.56,98,high
SC00705,19.71,27.7,78,medium
SC00706,44.73,67.14,1,high
SC00707,26.7,70.12,94,low
SC00708,39.87,63.05,72,low
SC00709,24.88,72.97,9,medium
SC00710,36.4,29.29,52,high
SC00711,38.53,64.4,88,medium
SC00712,34.08,42.98,50,medium
SC00713,30.73,95.21,68,low
SC00714,29.12,80.97,13,low
SC00715,27.42,97.8,65,high
SC00716,43.1,23.0,81,low
SC00717,40.43,42.81,92,high
SC00718,44.06,35.63,52,high
SC00719,21.36,20.89,83,high
SC00720,37.73,39.39,63,high
SC00721,43.34,74.3,71,medium
SC00722,22.89,38.49,100,medium
SC00723,19.8,60.72,48,low
SC00724,38.01,91.03,89,medium
SC00725,33.51,75.5,61,medium
SC00726,40.73,51.57,36,low
SC00727,21.77,49.8,48,high
SC00728,39.47,56.46,67,high
SC00729,23.44,34.16,32,low
SC00730,22.42,70.72,21,low
SC00731,22.44,49.13,69,low
SC00732,39.99,88.19,32,medium
SC00733,35.96,80.52,27,high
SC00734,32.12,68.84,87,medium
SC00735,27.69,49.14,3,low
SC00736,41.68,36.79,65,low
SC00737,28.6,82.09,76,low
SC00738,40.05,58.91,48,medium
SC00739,29.86,37.98,10,low
SC00740,28.18,35.61,34,low
SC00741,30.49,33.23,38,low
SC00742,26.14,82.17,9,medium
SC00743,38.19,38.32,73,medium
SC00744,31.57,62.13,71,high
SC00745,24.27,56.12,68,medium
SC00746,42.29,66.37,22,medium
SC00747,28.37,90.17,33,low
SC00748,32.68,89.42,31,low
SC00749,42.47,56.09,15,medium
SC00750,34.85,21.23,67,low
SC00751,21.16,54.12,53,medium
SC00752,43.38,68.5,27,low
SC00753,34.95,64.62,59,low
SC00754,27.04,72.11,77,low
SC00755,21.76,32.33,75,high
SC00756,39.44,71.72,59,low
SC00757,34.74,34.61,84,low
SC00758,32.4,80.04,79,low
SC00759,42.14,47.13,43,medium
SC00760,39.29,76.79,1,high
SC00761,22.1,23.83,22,low
SC00762,26.42,52.63,92,high
SC00763,24.71,76.4,45,medium
SC00764,38.09,38.15,72,medium
SC00765,18.91,83.62,53,medium
SC00766,33.39,70.46,70,high
SC00767,38.59,67.0,92,medium
SC00768,41.67,48.28,80,low
SC00769,27.24,58.6,8,medium
SC00770,40.17,67.79,69,low
SC00771,20.99,57.8,43,high
SC00772,40.85,75.87,83,low
SC00773,21.44,54.7,73,medium
SC00774,28.73,36.18,72,low
SC00775,39.53,37.11,11,low
SC00776,22.05,20.46,96,medium
SC00777,24.19,44.08,31,medium
SC00778,37.5,79.91,33,medium
SC00779,37.44,83.53,82,low
SC00780,35.31,36.2,32,high
SC00781,36.74,96.72,63,low
SC00782,32.65,60.19,47,medium
SC00783,24.8,93.36,15,medium
SC00784,27.33,76.54,49,medium
SC00785,22.9,77.79,22,low
SC00786,42.53,26.8,25,high
SC00787,33.75,37.6,53,low
SC00788,28.82,20.71,43,low
SC00789,30.47,77.29,36,medium
SC00790,43.58,47.56,8,low
SC00791,22.14,82.93,93,low
SC00792,33.83,47.11,12,high
SC00793,31.66,85.55,59,high
SC00794,34.51,30.46,79,medium
SC00795,18.49,33.87,1,low
SC00796,41.55,47.27,94,low
SC00797,43.17,52.68,59,medium
SC00798,33.26,47.9,56,medium
SC00799,36.81,81.09,42,low
SC00800,42.91,27.76,18,high
SC00801,37.1,48.1,10,low
SC00802,22.12,86.98,77,low
SC00803,33.56,25.34,46,low
SC00804,34.38,95.39,88,high
SC00805,29.45,98.91,62,low
SC00806,37.88,27.09,6,low
SC00807,43.23,43.3,78,low
SC00808,42.99,49.79,93,high
SC00809,30.17,82.11,30,medium
SC00810,21.06,67.67,87,low
SC00811,44.59,71.55,54,high
SC00812,40.65,80.6,24,low
SC00813,21.37,29.44,71,medium
SC00814,42.86,86.66,29,medium
SC00815,41.49,76.45,35,medium
SC00816,32.01,66.19,49,low
SC00817,33.96,91.18,13,high
SC00818,28.77,76.02,28,medium
SC00819,19.48,36.14,26,high
SC00820,27.05,54.38,49,high
SC00821,39.68,59.52,35,high
SC00822,18.13,24.42,33,medium
SC00823,27.0,96.37,20,low
SC00824,28.75,30.29,37,high
SC00825,32.51,75.8,74,high
SC00826,42.84,60.5,96,high
SC00827,27.35,22.05,78,low
SC00828,27.37,93.98,75,medium
SC00829,37.91,88.15,87,high
SC00830,30.21,61.94,49,high
SC00831,24.06,38.32,36,low
SC00832,30.22,29.73,74,medium
SC00833,21.8,49.07,18,medium
SC00834,22.76,40.43,0,low
SC00835,31.46,60.54,80,high
SC00836,29.31,97.31,39,medium
SC00837,42.7,66.0,54,medium
SC00838,27.78,91.19,79,high
SC00839,33.68,72.07,25,low
SC00840,35.07,58.02,42,high
SC00841,18.35,88.37,58,high
SC00842,35.92,57.71,50,high
SC00843,22.81,89.49,14,medium
SC00844,43.95,43.33,7,low
SC00845,22.01,30.31,93,medium
SC00846,29.19,88.43,13,medium
SC00847,20.3,66.99,96,medium
SC00848,44.92,91.13,6,medium
SC00849,31.56,95.03,17,medium
SC00850,34.08,24.29,11,medium
SC00851,19.81,60.08,1,high
SC00852,38.25,50.0,49,high
SC00853,23.67,70.07,92,medium
SC00854,42.25,83.49,20,high
SC00855,23.54,42.45,6,low
SC00856,23.15,64.54,90,high
SC00857,18.99,76.7,11,medium
SC00858,30.75,30.75,83,medium
SC00859,33.25,85.13,56,medium
SC00860,19.77,68.49,77,medium
SC00861,38.94,95.96,73,low
SC00862,30.24,47.16,22,low
SC00863,32.16,28.65,29,low
SC00864,29.9,60.52,57,medium
SC00865,28.82,26.86,94,low
SC00866,33.11,97.56,51,low
SC00867,22.19,23.09,55,low
SC00868,22.91,80.28,9,low
SC00869,41.27,62.01,18,high
SC00870,43.55,49.49,18,medium
SC00871,28.08,25.27,86,high
SC00872,25.31,69.77,58,medium
SC00873,35.39,66.82,43,high
SC00874,29.04,42.47,58,medium
SC00875,18.69,92.82,95,medium
SC00876,22.22,44.33,83,medium
SC00877,37.33,55.98,3,low
SC00878,35.79,63.5,96,medium
SC00879,18.73,28.02,64,high
SC00880,23.99,94.57,12,high
SC00881,24.24,49.96,66,medium
SC00882,36.14,26.46,11,high
SC00883,18.53,50.98,92,high
SC00884,20.81,68.02,54,medium
SC00885,39.6,61.09,60,high
SC00886,22.82,75.56,94,low
SC00887,35.62,24.44,40,low
SC00888,24.43,42.76,35,low
SC00889,20.68,85.54,1,high
SC00890,24.57,26.39,21,low
SC00891,37.5,88.44,21,low
SC00892,41.1,27.35,40,low
SC00893,40.42,86.76,94,low
SC00894,28.72,48.86,13,medium
SC00895,36.04,68.98,92,low
SC00896,23.53,32.23,34,medium
SC00897,25.91,25.29,49,low
SC00898,42.2,37.28,8,low
SC00899,18.35,30.23,95,high
SC00900,20.31,44.99,58,high
SC00901,23.61,61.15,55,medium
SC00902,18.72,67.1,90,low
SC00903,22.9,83.19,9,high
SC00904,33.74,72.5,24,medium
SC00905,29.38,68.7,44,high
SC00906,42.1,52.94,96,medium
SC00907,40.07,57.9,10,low
SC00908,27.23,53.16,100,medium
SC00909,25.0,87.37,8,medium
SC00910,28.25,38.4,6,medium
SC00911,33.94,20.46,70,low
SC00912,25.24,72.11,33,high
SC00913,34.85,36.2,82,low
SC00914,29.05,91.21,19,medium
SC00915,32.91,88.72,88,medium
SC00916,29.78,26.14,4,medium
SC00917,25.95,28.51,92,low
SC00918,43.61,59.61,54,medium
SC00919,38.62,68.74,90,low
SC00920,21.78,41.99,88,medium
SC00921,41.45,77.34,100,low
SC00922,31.16,67.59,14,high
SC00923,42.15,45.99,47,high
SC00924,39.6,22.03,3,high
SC00925,29.48,80.01,77,high
SC00926,18.61,37.18,80,low
SC00927,25.25,86.76,20,high
SC00928,32.62,53.62,79,low
SC00929,35.1,66.17,89,medium
SC00930,24.96,89.84,8,low
SC00931,21.76,89.09,65,high
SC00932,40.54,49.72,78,medium
SC00933,44.58,36.71,34,medium
SC00934,32.19,82.01,87,high
SC00935,22.64,54.65,50,medium
SC00936,25.35,35.36,77,medium
SC00937,18.5,92.35,100,low
SC00938,42.69,35.85,36,high
SC00939,21.18,22.06,5,high
SC00940,33.57,21.62,81,high
SC00941,25.4,69.79,85,low
SC00942,32.96,72.93,81,low
SC00943,35.59,44.88,50,medium
SC00944,40.4,45.6,65,low
SC00945,23.57,47.16,95,low
SC00946,18.3,74.41,16,medium
SC00947,21.7,24.65,64,high
SC00948,42.3,94.33,8,high
SC00949,41.6,37.8,12,low
SC00950,34.13,99.97,99,low
SC00951,34.21,33.72,100,low
SC00952,35.96,81.72,57,medium
SC00953,22.74,37.87,29,medium
SC00954,42.69,26.47,30,medium
SC00955,29.31,89.99,22,high
SC00956,28.34,88.7,62,medium
SC00957,32.01,52.29,27,medium
SC00958,19.27,76.19,58,high
SC00959,22.49,64.57,9,high
SC00960,37.93,88.24,88,medium
SC00961,20.24,45.2,99,high
SC00962,34.29,61.89,89,medium
SC00963,24.62,58.83,25,high
SC00964,28.51,48.31,76,low
SC00965,25.79,91.32,16,low
SC00966,27.6,33.27,39,high
SC00967,37.41,31.96,67,medium
SC00968,26.02,66.15,22,medium
SC00969,33.29,72.6,34,high
SC00970,30.85,35.57,74,low
SC00971,35.92,51.26,75,medium
SC00972,43.29,95.73,8,high
SC00973,37.78,39.73,78,high
SC00974,23.8,73.47,44,high
SC00975,18.84,79.21,36,high
SC00976,25.08,55.85,68,high
SC00977,34.07,95.0,18,high
SC00978,19.39,78.93,74,low
SC00979,31.4,56.63,72,low
SC00980,34.11,65.55,98,medium
SC00981,27.02,75.41,26,low
SC00982,38.81,67.38,12,low
SC00983,20.88,90.3,56,high
SC00984,20.03,48.55,59,medium
SC00985,37.66,43.99,11,high
SC00986,31.38,37.11,8,medium
SC00987,36.59,23.02,91,medium
SC00988,29.74,23.44,76,low
SC00989,24.65,89.6,83,high
SC00990,40.12,74.27,76,low
SC00991,39.58,72.84,26,medium
SC00992,36.76,69.17,89,low
SC00993,25.35,87.94,62,low
SC00994,33.94,58.42,92,low
SC00995,27.75,89.63,28,medium
SC00996,20.47,48.76,21,high
SC00997,42.77,94.14,72,medium
SC00998,21.69,75.89,87,medium
SC00999,43.66,40.57,18,high
SC01000,30.04,65.13,37,high
SC01001,23.0,62.64,94,high
SC01002,32.63,31.03,38,medium
SC01003,41.57,67.3,14,high
SC01004,37.77,45.18,53,medium
SC01005,39.78,24.19,31,low
SC01006,35.79,95.89,45,low
SC01007,36.69,71.32,60,low
SC01008,40.93,90.15,92,medium
SC01009,24.74,74.08,51,high
SC01010,31.21,48.56,33,high
SC01011,23.97,61.02,72,high
SC01012,44.67,74.06,34,medium
SC01013,43.49,96.82,69,high
SC01014,19.06,40.29,36,low
SC01015,37.05,90.0,77,medium
SC01016,42.98,93.93,60,high
SC01017,22.88,73.63,48,high
SC01018,33.33,94.5,8,medium
SC01019,42.72,51.83,18,medium
SC01020,18.92,96.24,86,low
SC01021,36.83,76.22,27,high
SC01022,26.03,23.36,79,high
SC01023,42.96,92.55,25,medium
SC01024,44.22,58.76,37,low
SC01025,43.5,56.83,39,low
SC01026,30.8,65.32,24,medium
SC01027,41.28,31.95,98,medium
SC01028,40.8,57.53,68,low
SC01029,26.62,86.49,70,high
SC01030,40.38,21.24,22,medium
SC01031,19.0,41.83,88,low
SC01032,34.1,20.2,64,high
SC01033,24.21,53.26,21,medium
SC01034,21.26,78.27,63,high
SC01035,20.08,83.9,67,low
SC01036,36.8,95.62,57,low
SC01037,27.18,68.68,27,low
SC01038,37.57,40.37,77,low
SC01039,19.76,93.93,96,high
SC01040,26.51,82.03,67,low
SC01041,32.57,65.95,74,high
SC01042,39.35,75.65,95,high
SC01043,26.61,93.95,3,medium
SC01044,34.9,76.99,0,high
SC01045,41.92,49.47,25,low
SC01046,34.63,77.04,32,low
SC01047,24.29,23.22,80,high
SC01048,18.66,50.91,26,low
SC01049,41.49,52.51,41,high
SC01050,18.57,33.35,68,high
SC01051,41.62,21.85,70,high
SC01052,32.28,30.67,63,high
SC01053,43.35,72.37,24,medium
SC01054,39.57,84.18,71,medium
SC01055,44.94,99.06,97,low
SC01056,27.47,47.71,3,high
SC01057,38.71,67.95,11,low
SC01058,28.85,94.97,57,high
SC01059,30.96,33.36,94,high
SC01060,34.94,77.41,10,low
SC01061,41.59,80.4,100,low
SC01062,44.57,27.12,58,medium
SC01063,38.74,88.9,35,high
SC01064,29.28,85.05,21,high
SC01065,29.38,22.67,64,medium
SC01066,37.91,27.29,49,high
SC01067,24.45,23.93,3,low
SC01068,20.98,46.78,99,medium
SC01069,27.57,60.74,71,medium
SC01070,25.76,62.59,88,low
SC01071,26.0,41.41,91,medium
SC01072,24.31,92.93,51,high
SC01073,19.14,49.46,99,high
SC01074,18.48,23.64,99,medium
SC01075,44.67,44.02,42,high
SC01076,29.55,62.49,45,low
SC01077,28.38,52.66,3,high
SC01078,36.35,41.91,12,low
SC01079,23.89,30.51,37,medium
SC01080,43.65,85.53,44,low
SC01081,39.23,99.69,24,high
SC01082,20.41,46.36,66,low
SC01083,29.27,50.53,54,low
SC01084,41.74,69.44,95,medium
SC01085,43.51,77.48,38,low
SC01086,30.62,51.36,64,low
SC01087,34.56,92.39,74,medium
SC01088,22.51,64.8,1,low
SC01089,44.76,56.03,68,low
SC01090,24.26,71.73,85,low
SC01091,43.45,96.22,61,low
SC01092,35.54,83.56,45,medium
SC01093,34.41,23.2,76,medium
SC01094,31.84,46.58,86,medium
SC01095,24.23,57.64,30,low
SC01096,22.77,45.16,98,medium
SC01097,23.95,76.02,34,medium
SC01098,23.03,86.1,44,medium
SC01099,39.05,78.51,76,low
SC01100,27.45,99.15,53,low
SC01101,19.56,41.8,70,low
SC01102,44.17,90.0,68,low
SC01103,41.86,81.33,28,low
SC01104,43.05,48.97,71,medium
SC01105,44.86,78.73,7,medium
SC01106,22.7,28.33,53,high
SC01107,28.7,83.15,6,medium
SC01108,38.47,62.59,82,medium
SC01109,36.79,43.38,22,medium
SC01110,22.16,72.46,99,low
SC01111,40.03,71.33,31,medium
SC01112,24.06,36.76,61,medium
SC01113,24.04,22.43,44,high
SC01114,32.5,54.69,67,high
SC01115,34.01,65.56,29,low
SC01116,33.66,90.13,38,low
SC01117,20.47,94.26,4,medium
SC01118,41.69,62.3,66,medium
SC01119,25.17,80.3,21,low
SC01120,21.5,55.14,27,medium
SC01121,42.0,79.69,21,low
SC01122,43.8,36.38,85,medium
SC01123,41.28,49.69,97,low
SC01124,39.86,70.74,28,medium
SC01125,35.69,21.45,42,high
SC01126,32.87,77.8,41,high
SC01127,20.35,86.84,59,high
SC01128,29.03,51.93,76,medium
SC01129,28.06,55.84,70,medium
SC01130,25.01,88.1,73,medium
SC01131,37.53,82.05,91,low
SC01132,31.39,43.05,67,low
SC01133,20.19,45.92,58,low
SC01134,23.94,74.31,95,medium
SC01135,36.45,65.06,85,medium
SC01136,20.06,32.98,83,low
SC01137,40.98,44.79,83,medium
SC01138,31.37,92.0,5,medium
SC01139,30.98,75.05,72,high
SC01140,34.0,98.88,27,medium
SC01141,40.27,81.36,76,low
SC01142,27.39,95.36,30,low
SC01143,36.31,37.3,38,high
SC01144,33.27,81.72,49,low
SC01145,25.21,21.62,77,medium
SC01146,41.72,73.66,85,medium
SC01147,39.53,57.54,36,high
SC01148,35.78,47.74,87,medium
SC01149,40.97,88.99,71,medium
SC01150,41.42,88.34,14,low
SC01151,37.13,21.78,50,high
SC01152,40.6,68.76,69,medium
SC01153,36.83,49.43,22,low
SC01154,36.36,53.25,24,medium
SC01155,34.7,86.56,94,medium
SC01156,38.32,44.79,45,low
SC01157,22.28,95.44,92,medium
SC01158,41.78,34.37,22,high
SC01159,41.54,73.02,9,medium
SC01160,18.79,73.77,72,medium
SC01161,40.3,40.18,76,medium
SC01162,21.48,45.98,31,medium
SC01163,27.05,86.78,50,medium
SC01164,38.07,80.94,40,medium
SC01165,22.34,46.33,64,low
SC01166,40.09,62.72,64,low
SC01167,40.47,24.93,100,high
SC01168,31.7,36.7,39,high
SC01169,18.17,58.87,17,low
SC01170,25.75,26.88,35,medium
SC01171,34.66,87.47,30,high
SC01172,44.49,77.44,53,low
SC01173,35.06,95.49,62,medium
SC01174,25.01,75.48,0,low
SC01175,35.12,95.23,51,medium
SC01176,32.58,64.36,99,high
SC01177,39.06,68.02,56,high
SC01178,20.89,98.16,8,medium
SC01179,38.55,71.37,85,medium
SC01180,32.61,22.46,91,medium
SC01181,44.0,77.9,89,low
SC01182,27.23,92.44,73,low
SC01183,35.08,83.65,55,high
SC01184,43.16,66.71,46,low
SC01185,20.77,73.7,2,medium
SC01186,43.31,99.22,1,medium
SC01187,36.57,27.25,53,high
SC01188,19.83,73.38,36,medium
SC01189,26.13,42.67,55,medium
SC01190,37.12,71.21,30,medium
SC01191,19.82,68.61,96,high
SC01192,33.72,32.28,95,medium
SC01193,27.34,36.54,11,high
SC01194,34.76,69.73,57,medium
SC01195,19.24,30.26,66,medium
SC01196,41.53,41.21,25,high
SC01197,44.28,86.82,77,high
SC01198,44.16,46.17,11,low
SC01199,38.24,59.04,89,low
SC01200,21.51,95.29,15,high
SC01201,38.47,38.17,52,medium
SC01202,18.66,51.17,71,medium
SC01203,18.6,68.52,48,low
SC01204,26.74,80.43,48,medium
SC01205,31.19,92.13,91,high
SC01206,38.8,93.24,6,medium
SC01207,36.45,82.13,14,low
SC01208,30.04,38.27,35,low
SC01209,25.39,21.98,71,high
SC01210,44.92,50.7,73,high
SC01211,29.51,31.32,14,high
SC01212,30.19,76.83,61,medium
SC01213,22.42,72.89,17,medium
SC01214,39.46,23.52,45,high
SC01215,36.73,86.93,100,high
SC01216,23.96,39.9,60,high
SC01217,20.22,54.58,42,low
SC01218,36.37,73.43,43,medium
SC01219,35.67,54.35,98,high
SC01220,25.38,55.3,65,medium
SC01221,43.67,25.25,54,medium
SC01222,22.08,52.12,85,medium
SC01223,29.67,81.19,78,medium
SC01224,43.48,93.21,100,high
SC01225,29.33,53.08,38,low
SC01226,35.24,53.89,99,high
SC01227,28.74,76.21,4,low
SC01228,25.4,95.42,56,high
SC01229,44.57,41.36,14,low
SC01230,29.05,55.21,90,high
SC01231,42.14,83.68,15,medium
SC01232,24.21,68.78,56,low
SC01233,23.75,28.85,99,medium
SC01234,18.84,70.22,81,high
SC01235,35.6,34.94,98,low
SC01236,27.95,60.82,24,low
SC01237,41.34,62.33,21,medium
SC01238,30.78,90.1,30,low
SC01239,44.14,57.0,100,high
SC01240,23.01,42.36,33,medium
SC01241,41.45,38.48,86,medium
SC01242,38.97,89.94,15,low
SC01243,38.81,33.68,69,low
SC01244,40.81,54.07,58,low
SC01245,38.55,34.97,14,medium
SC01246,34.91,81.86,81,medium
SC01247,21.54,57.95,12,low
SC01248,18.88,48.09,23,high
SC01249,42.86,48.89,12,medium
SC01250,34.65,88.18,64,low
SC01251,39.51,64.3,35,low
SC01252,31.0,77.43,48,low
SC01253,21.17,91.76,81,low
SC01254,21.38,92.14,47,medium
SC01255,36.51,46.28,96,high
SC01256,29.62,96.2,42,high
SC01257,23.41,21.99,5,high
SC01258,31.27,50.15,80,low
SC01259,19.73,91.66,67,low
SC01260,33.71,41.97,13,high
SC01261,25.26,41.85,29,medium
SC01262,39.53,44.21,83,low
SC01263,26.38,68.99,7,low
SC01264,30.29,55.07,53,medium
SC01265,18.31,78.14,65,medium
SC01266,19.96,91.59,100,high
SC01267,28.6,73.94,3,low
SC01268,30.96,36.36,73,low
SC01269,34.2,94.61,83,medium
SC01270,25.87,41.16,59,low
SC01271,36.76,31.99,52,medium
SC01272,41.22,27.2,98,medium
SC01273,39.06,65.07,73,low
SC01274,19.07,29.1,91,medium
SC01275,30.97,31.1,14,low
SC01276,20.83,44.0,99,medium
SC01277,24.54,42.53,0,medium
SC01278,44.64,68.34,21,low
SC01279,21.85,85.34,90,medium
SC01280,31.47,80.91,92,medium
SC01281,34.69,41.0,14,low
SC01282,36.97,39.62,73,low
SC01283,33.11,97.26,83,low
SC01284,18.26,20.66,21,high
SC01285,26.81,90.38,49,low
SC01286,31.98,35.98,47,medium
SC01287,20.37,95.78,72,high
SC01288,27.47,47.38,50,medium
SC01289,18.9,55.23,95,low
SC01290,20.12,76.57,16,low
SC01291,28.72,67.01,82,low
SC01292,21.58,45.44,90,low
SC01293,33.32,64.31,50,high
SC01294,36.62,78.46,36,low
SC01295,39.62,23.39,97,medium
SC01296,23.4,20.9,48,low
SC01297,22.52,56.65,58,low
SC01298,20.82,30.55,9,low
SC01299,35.18,73.15,29,low
SC01300,37.07,37.12,84,low
SC01301,18.85,54.63,20,medium
SC01302,43.28,35.81,33,medium
SC01303,19.4,63.88,72,low
SC01304,32.62,29.28,97,high
SC01305,37.14,21.85,49,low
SC01306,41.52,24.09,75,low
SC01307,37.28,96.34,46,high
SC01308,39.65,31.38,84,high
SC01309,27.17,76.68,83,high
SC01310,40.0,25.43,5,low
SC01311,20.16,28.65,49,high
SC01312,42.16,60.71,99,medium
SC01313,32.78,57.19,62,medium
SC01314,40.07,96.13,11,high
SC01315,30.21,95.59,40,high
SC01316,35.38,82.37,30,medium
SC01317,32.21,68.17,1,high
SC01318,37.75,56.4,15,medium
SC01319,20.2,48.49,0,medium
SC01320,19.63,95.77,3,low
SC01321,24.67,68.23,46,high
SC01322,22.31,66.33,64,medium
SC01323,41.54,38.55,51,high
SC01324,23.92,23.74,46,medium
SC01325,44.35,95.62,98,high
SC01326,27.1,45.1,76,medium
SC01327,22.92,55.41,49,medium
SC01328,39.32,29.17,44,high
SC01329,35.79,86.95,41,low
SC01330,31.45,22.21,94,medium
SC01331,32.99,86.72,83,medium
SC01332,37.42,31.22,55,low
SC01333,24.17,90.93,70,low
SC01334,44.9,78.38,56,low
SC01335,44.32,33.17,32,low
SC01336,35.56,65.27,27,high
SC01337,23.39,45.01,43,high
SC01338,36.37,34.26,55,high
SC01339,19.95,88.73,43,low
SC01340,18.83,52.28,83,high
SC01341,24.96,51.88,95,medium
SC01342,30.49,33.59,72,high
SC01343,41.44,50.65,33,medium
SC01344,37.63,89.73,13,low
SC01345,38.05,49.05,67,medium
SC01346,29.49,96.13,28,medium
SC01347,27.34,95.7,78,high
SC01348,28.02,31.59,16,high
SC01349,44.67,34.18,82,medium
SC01350,19.08,89.01,8,high
SC01351,41.41,51.42,26,medium
SC01352,33.62,20.35,48,low
SC01353,29.84,41.91,78,medium
SC01354,37.58,67.81,36,low
SC01355,31.14,83.94,27,low
SC01356,41.58,30.67,49,low
SC01357,42.32,28.84,54,low
SC01358,29.39,93.77,3,low
SC01359,25.47,80.09,84,high
SC01360,33.99,67.18,97,low
SC01361,42.63,81.53,18,medium
SC01362,23.69,54.31,36,medium
SC01363,34.82,80.68,3,low
SC01364,35.05,49.74,36,high
SC01365,37.79,39.53,50,medium
SC01366,21.55,78.32,31,high
SC01367,37.33,53.57,44,medium
SC01368,42.54,98.51,11,high
SC01369,22.85,47.96,40,high
SC01370,24.41,93.74,55,low
SC01371,44.23,94.64,79,medium
SC01372,22.89,39.35,13,medium
SC01373,41.07,83.86,53,high
SC01374,31.29,54.65,62,low
SC01375,24.68,93.4,64,medium
SC01376,41.51,56.01,57,low
SC01377,30.02,79.54,95,high
SC01378,31.9,57.36,20,medium
SC01379,27.7,38.22,3,high
SC01380,34.01,35.95,72,high
SC01381,22.42,54.03,45,medium
SC01382,28.56,80.44,85,medium
SC01383,44.17,68.41,11,medium
SC01384,24.97,75.09,29,medium
SC01385,35.73,42.59,93,medium
SC01386,26.78,58.51,95,low
SC01387,38.88,23.55,59,medium
SC01388,21.53,85.4,99,high
SC01389,44.19,99.19,70,low
SC01390,30.25,52.55,80,high
SC01391,24.37,20.88,64,low
SC01392,19.98,33.58,13,medium
SC01393,22.58,72.2,43,low
SC01394,32.03,68.97,25,medium
SC01395,27.1,83.03,90,low
SC01396,40.38,40.31,15,medium
SC01397,29.63,81.09,6,medium
SC01398,24.72,75.04,31,high
SC01399,34.66,45.83,88,medium
SC01400,37.08,63.64,94,high
SC01401,22.51,31.78,15,high
SC01402,22.53,56.21,77,low
SC01403,18.99,90.5,88,low
SC01404,37.88,53.7,61,low
SC01405,35.92,87.17,29,medium
SC01406,30.82,67.22,70,medium
SC01407,40.79,35.35,11,high
SC01408,39.75,66.49,66,medium
SC01409,33.8,60.48,90,high
SC01410,41.44,51.89,45,low
SC01411,23.56,29.57,82,low
SC01412,21.02,53.34,42,high
SC01413,25.28,25.82,100,low
SC01414,19.54,27.9,54,high
SC01415,32.34,53.27,44,low
SC01416,43.29,44.43,59,high
SC01417,19.06,94.04,70,high
SC01418,21.3,50.06,79,medium
SC01419,30.21,80.63,31,high
SC01420,43.21,62.42,7,low
SC01421,26.54,76.33,76,low
SC01422,31.7,40.81,61,low
SC01423,19.12,95.35,74,low
SC01424,22.01,62.41,19,medium
SC01425,44.64,86.51,17,high
SC01426,44.06,49.2,100,low
SC01427,18.13,28.02,5,high
SC01428,43.7,73.9,83,high
SC01429,35.26,20.62,95,high
SC01430,41.43,58.02,28,high
SC01431,30.28,35.42,3,high
SC01432,31.92,70.19,70,medium
SC01433,31.2,98.35,42,medium
SC01434,36.01,57.15,83,medium
SC01435,21.77,85.4,33,low
SC01436,18.81,60.62,99,low
SC01437,26.31,59.67,70,medium
SC01438,37.03,94.43,32,low
SC01439,23.45,91.2,14,high
SC01440,36.18,82.86,95,medium
SC01441,44.19,43.7,85,medium
SC01442,20.54,63.6,39,low
SC01443,36.16,37.91,92,medium
SC01444,29.98,55.51,88,low
SC01445,41.44,58.74,4,low
SC01446,22.78,86.53,77,high
SC01447,36.7,91.68,49,low
SC01448,40.63,53.17,98,medium
SC01449,43.5,21.42,65,low
SC01450,36.45,88.94,88,high
SC01451,31.42,33.94,53,medium
SC01452,34.68,69.75,79,medium
SC01453,41.46,22.0,45,high
SC01454,33.41,51.96,79,medium
SC01455,18.82,98.88,10,low
SC01456,43.14,28.06,48,medium
SC01457,36.62,53.9,98,low
SC01458,36.27,44.57,22,medium
SC01459,23.82,92.41,54,medium
SC01460,35.79,89.55,4,high
SC01461,28.63,39.02,63,low
SC01462,35.58,26.5,34,low
SC01463,20.88,70.17,92,high
SC01464,35.76,46.91,68,high
SC01465,44.98,73.77,53,high
SC01466,19.3,22.57,2,medium
SC01467,44.38,30.67,5,low
SC01468,28.99,74.91,86,high
SC01469,41.51,36.99,55,low
SC01470,39.12,88.61,1,low
SC01471,33.31,24.69,81,low
SC01472,37.94,37.24,93,medium
SC01473,41.72,99.88,37,low
SC01474,28.91,54.65,55,high
SC01475,26.83,76.24,4,low
SC01476,36.03,34.61,45,low
SC01477,39.81,68.79,10,medium
SC01478,38.58,78.09,64,medium
SC01479,39.54,45.16,9,high
SC01480,29.76,86.31,40,high
SC01481,40.08,68.27,43,low
SC01482,21.25,51.13,89,high
SC01483,32.7,64.61,32,medium
SC01484,18.16,66.14,90,medium
SC01485,26.76,33.24,55,high
SC01486,27.89,52.22,11,high
SC01487,28.7,47.47,1,low
SC01488,36.78,52.07,0,low
SC01489,28.49,80.89,64,medium
SC01490,30.11,58.6,32,low
SC01491,24.41,95.23,85,medium
SC01492,28.08,43.49,75,medium
SC01493,24.14,53.26,35,high
SC01494,19.98,82.96,20,low
SC01495,34.29,63.68,83,low
SC01496,36.04,63.76,35,high
SC01497,34.73,24.27,25,medium
SC01498,30.51,51.89,46,high
SC01499,28.25,41.66,94,high
SC01500,41.31,99.95,0,high
SC01501,32.02,44.67,37,medium
SC01502,30.94,90.76,13,medium
SC01503,18.69,74.1,89,low
SC01504,27.21,47.27,45,high
SC01505,28.27,63.48,41,high
SC01506,28.77,87.24,6,low
SC01507,33.66,90.67,54,low
SC01508,32.41,32.83,55,high
SC01509,34.41,47.17,75,low
SC01510,38.65,46.82,62,low
SC01511,39.95,23.36,23,high
SC01512,37.39,67.86,82,low
SC01513,43.8,88.39,72,low
SC01514,18.49,50.53,98,medium
SC01515,23.29,79.2,3,high
SC01516,18.2,70.22,41,medium
SC01517,35.48,50.05,95,medium
SC01518,42.25,31.28,69,medium
SC01519,24.57,76.75,27,medium
SC01520,43.03,88.37,91,low
SC01521,19.63,74.87,39,low
SC01522,43.23,21.43,50,medium
SC01523,27.49,37.3,28,high
SC01524,20.74,25.56,41,high
SC01525,31.12,65.63,68,high
SC01526,24.93,80.52,4,high
SC01527,25.69,28.85,100,low
SC01528,26.3,87.07,40,high
SC01529,39.68,64.44,60,high
SC01530,32.56,75.2,54,medium
SC01531,26.41,97.71,27,low
SC01532,34.48,26.69,40,medium
SC01533,37.34,92.1,8,medium
SC01534,25.36,30.09,28,low
SC01535,29.17,51.44,77,medium
SC01536,21.29,88.12,37,high
SC01537,22.89,92.5,61,high
SC01538,36.39,60.51,53,low
SC01539,22.9,67.53,51,low
SC01540,32.18,76.65,33,medium
SC01541,37.14,86.62,36,high
SC01542,20.89,29.72,48,medium
SC01543,33.32,84.81,41,high
SC01544,24.93,58.5,13,low
SC01545,44.0,56.05,81,medium
SC01546,31.06,53.91,32,high
SC01547,39.76,60.74,97,medium
SC01548,32.86,95.6,91,high
SC01549,19.17,63.86,99,medium
SC01550,35.1,96.25,100,high
SC01551,43.69,34.42,86,low
SC01552,34.24,77.93,16,low
SC01553,40.12,84.98,74,low
SC01554,41.87,74.33,31,medium
SC01555,24.16,68.55,100,low
SC01556,23.73,65.19,78,high
SC01557,34.5,88.87,67,high
SC01558,29.1,85.73,38,medium
SC01559,40.68,29.78,93,low
SC01560,42.3,87.89,9,high
SC01561,27.54,53.13,86,medium
SC01562,24.4,40.3,23,high
SC01563,39.07,89.58,99,high
SC01564,25.42,54.56,57,high
SC01565,40.21,84.67,68,medium
SC01566,29.44,41.07,100,high
SC01567,36.02,20.31,63,medium
SC01568,20.58,59.64,18,medium
SC01569,34.84,28.02,100,medium
SC01570,30.2,80.35,7,medium
SC01571,33.84,42.09,70,medium
SC01572,22.54,55.49,39,high
SC01573,37.9,26.96,12,low
SC01574,41.3,42.93,100,medium
SC01575,23.85,82.52,26,high
SC01576,20.58,32.13,81,high
SC01577,18.64,71.77,87,low
SC01578,35.33,93.39,1,high
SC01579,34.39,74.39,15,high
SC01580,32.76,84.88,13,medium
SC01581,24.26,28.72,16,high
SC01582,28.55,40.06,59,medium
SC01583,34.05,91.56,69,high
SC01584,31.41,77.21,98,medium
SC01585,44.67,71.16,16,low
SC01586,21.68,73.1,44,medium
SC01587,36.77,53.14,37,medium
SC01588,28.92,23.56,63,low
SC01589,29.56,82.76,5,high
SC01590,37.38,74.3,59,low
SC01591,36.7,57.82,48,medium
SC01592,44.76,91.98,20,medium
SC01593,21.47,46.89,98,high
SC01594,20.81,43.55,22,high
SC01595,37.56,89.82,75,high
SC01596,33.62,83.76,56,high
SC01597,25.4,61.2,63,medium
SC01598,20.14,30.46,28,high
SC01599,20.31,37.21,26,low
SC01600,42.14,72.5,5,high
SC01601,23.18,50.8,20,low
SC01602,26.73,86.92,70,high
SC01603,24.12,96.0,40,low
SC01604,27.58,84.45,79,low
SC01605,19.87,50.2,4,low
SC01606,32.01,83.09,14,low
SC01607,19.83,48.12,20,medium
SC01608,39.61,33.37,57,medium
SC01609,24.31,22.67,3,high
SC01610,32.58,50.86,68,medium
SC01611,41.76,92.28,6,low
SC01612,35.57,39.12,34,high
SC01613,32.39,36.52,35,low
SC01614,26.76,97.59,14,high
SC01615,26.99,22.0,91,medium
SC01616,36.08,82.86,1,medium
SC01617,44.84,45.71,56,low
SC01618,35.87,23.0,4,low
SC01619,33.06,93.42,70,high
SC01620,37.73,31.17,85,medium
SC01621,30.56,64.14,94,high
SC01622,19.62,41.92,31,medium
SC01623,33.18,25.22,71,high
SC01624,43.86,23.99,40,high
SC01625,22.73,29.24,41,low
SC01626,36.63,25.71,74,high
SC01627,23.43,80.84,64,low
SC01628,32.47,58.85,39,medium
SC01629,20.61,47.43,82,high
SC01630,30.16,53.47,37,medium
SC01631,38.42,94.32,41,low
SC01632,27.38,92.86,36,medium
SC01633,35.95,77.25,55,high
SC01634,39.48,90.77,70,high
SC01635,43.03,45.57,54,high
SC01636,24.34,50.49,88,low
SC01637,28.78,69.1,53,high
SC01638,22.12,69.89,21,high
SC01639,44.8,58.54,26,medium
SC01640,43.03,52.05,46,low
SC01641,32.58,98.89,37,high
SC01642,40.73,85.69,38,high
SC01643,32.07,54.8,14,low
SC01644,34.84,78.18,65,high
SC01645,20.41,41.56,60,medium
SC01646,38.39,28.01,59,high
SC01647,21.45,48.19,7,medium
SC01648,40.3,52.24,43,medium
SC01649,39.11,21.32,42,low
SC01650,37.14,85.18,5,high
SC01651,18.98,48.74,83,medium
SC01652,26.18,66.43,26,high
SC01653,25.1,25.92,44,low
SC01654,27.72,34.0,22,high
SC01655,20.37,91.18,80,medium
SC01656,43.3,68.7,12,low
SC01657,32.95,96.02,67,low
SC01658,26.25,99.9,83,low
SC01659,28.72,49.75,63,high
SC01660,30.07,43.9,24,medium
SC01661,34.22,88.67,85,low
SC01662,31.92,99.89,51,low
SC01663,42.82,70.37,47,medium
SC01664,31.42,83.61,60,low
SC01665,44.79,82.54,16,medium
SC01666,40.99,48.43,39,medium
SC01667,23.63,65.94,74,medium
SC01668,43.13,86.64,88,medium
SC01669,21.14,75.05,68,low
SC01670,40.07,21.69,84,low
SC01671,28.28,46.94,25,high
SC01672,41.71,31.56,79,high
SC01673,41.44,38.64,55,medium
SC01674,39.76,92.44,39,low
SC01675,39.33,22.95,84,medium
SC01676,26.23,37.58,95,high
SC01677,20.18,44.77,67,medium
SC01678,28.88,69.35,7,high
SC01679,22.69,62.73,72,low
SC01680,36.76,37.46,44,high
SC01681,27.34,33.14,16,medium
SC01682,44.34,38.94,40,medium
SC01683,35.31,60.2,76,medium
SC01684,40.21,41.69,8,medium
SC01685,21.58,95.81,69,high
SC01686,41.27,57.11,90,high
SC01687,42.91,24.7,100,low
SC01688,31.15,78.34,23,medium
SC01689,34.37,46.31,72,high
SC01690,38.65,72.28,10,low
SC01691,22.72,42.37,34,medium
SC01692,31.57,65.66,28,low
SC01693,28.76,81.77,7,low
SC01694,21.95,94.24,16,high
SC01695,27.92,40.89,70,medium
SC01696,19.84,46.79,11,medium
SC01697,18.7,57.14,78,low
SC01698,21.65,94.17,92,low
SC01699,44.0,92.11,49,high
SC01700,32.84,27.19,23,medium
SC01701,44.08,30.55,36,low
SC01702,29.68,59.64,77,high
SC01703,26.42,28.53,10,medium
SC01704,31.67,47.65,98,medium
SC01705,29.87,31.87,80,medium
SC01706,20.85,70.88,58,low
SC01707,35.3,95.96,54,medium
SC01708,23.83,99.74,26,medium
SC01709,34.73,50.02,66,low
SC01710,35.56,67.92,59,high
SC01711,22.1,88.5,1,medium
SC01712,19.66,29.4,67,high
SC01713,39.08,75.17,17,low
SC01714,30.41,52.71,19,high
SC01715,19.57,36.49,84,high
SC01716,44.86,52.22,62,low
SC01717,19.56,26.08,77,high
SC01718,36.77,75.63,71,medium
SC01719,44.56,40.22,1,high
SC01720,24.46,44.91,89,high
SC01721,21.84,29.69,82,low
SC01722,21.28,89.17,41,low
SC01723,26.19,59.48,27,low
SC01724,20.73,65.77,28,medium
SC01725,36.69,65.55,68,low
SC01726,19.68,52.84,27,medium
SC01727,31.75,35.4,59,low
SC01728,44.91,79.61,89,medium
SC01729,39.98,30.16,4,low
SC01730,34.61,28.31,14,medium
SC01731,26.27,76.81,72,low
SC01732,34.85,36.71,31,high
SC01733,32.23,44.54,51,high
SC01734,29.5,58.02,89,low
SC01735,21.53,55.95,36,high
SC01736,41.94,76.69,14,high
SC01737,30.14,69.87,40,high
SC01738,23.25,71.55,3,medium
SC01739,27.93,77.12,52,low
SC01740,29.18,43.41,99,low
SC01741,40.34,45.79,83,medium
SC01742,37.81,55.04,26,medium
SC01743,38.77,44.6,20,medium
SC01744,18.3,98.8,59,medium
SC01745,29.24,85.12,85,low
SC01746,31.0,33.17,63,low
SC01747,18.52,20.45,70,high
SC01748,25.01,23.42,46,high
SC01749,38.53,39.53,53,high
SC01750,21.7,29.14,30,low
SC01751,32.45,62.67,16,high
SC01752,23.81,88.64,49,low
SC01753,18.33,78.94,6,high
SC01754,24.51,37.25,82,low
SC01755,44.35,51.94,27,medium
SC01756,39.64,60.63,9,high
SC01757,43.91,84.82,26,high
SC01758,31.17,87.13,12,high
SC01759,20.96,92.78,65,high
SC01760,32.79,60.74,85,medium
SC01761,30.27,75.54,83,medium
SC01762,40.8,28.94,59,medium
SC01763,20.65,65.22,42,low
SC01764,31.18,39.9,68,high
SC01765,22.05,54.54,62,high
SC01766,26.77,70.72,69,low
SC01767,37.91,40.56,98,low
SC01768,30.85,24.17,64,low
SC01769,28.15,20.82,98,high
SC01770,28.65,21.77,66,low
SC01771,30.41,20.67,53,low
SC01772,39.2,28.83,35,low
SC01773,42.09,39.16,70,low
SC01774,43.79,37.7,92,high
SC01775,39.25,98.94,14,high
SC01776,26.52,44.48,74,low
SC01777,36.58,30.19,17,low
SC01778,29.82,63.65,3,high
SC01779,24.88,88.64,87,high
SC01780,40.7,74.24,10,low
SC01781,19.04,43.69,5,low
SC01782,42.35,64.93,50,high
SC01783,30.46,77.19,57,medium
SC01784,35.2,78.25,59,high
SC01785,35.8,73.32,17,low
SC01786,42.17,89.66,78,medium
SC01787,35.19,89.61,66,medium
SC01788,34.58,66.31,16,high
SC01789,19.8,54.39,96,high
SC01790,32.0,71.33,33,low
SC01791,22.05,85.46,29,medium
SC01792,37.91,20.45,18,low
SC01793,31.83,99.36,8,high
SC01794,36.37,34.63,39,high
SC01795,19.13,57.62,43,high
SC01796,20.29,89.76,94,low
SC01797,37.34,38.0,58,low
SC01798,19.95,58.14,90,low
SC01799,19.92,30.61,24,low
SC01800,18.33,51.61,70,medium
SC01801,43.83,34.17,52,high
SC01802,37.91,49.09,47,medium
SC01803,27.54,49.88,70,medium
SC01804,26.01,99.45,83,high
SC01805,27.44,99.59,52,high
SC01806,38.92,29.18,48,medium
SC01807,35.86,78.08,42,low
SC01808,23.0,24.14,99,low
SC01809,22.7,22.42,18,medium
SC01810,20.66,28.43,65,high
SC01811,35.83,97.24,33,high
SC01812,38.64,95.27,80,medium
SC01813,25.16,35.51,87,high
SC01814,18.57,32.93,72,high
SC01815,20.22,39.24,53,high
SC01816,44.13,61.24,0,high
SC01817,25.98,65.58,91,low
SC01818,38.77,37.73,54,low
SC01819,34.87,80.53,14,medium
SC01820,28.31,44.76,84,medium
SC01821,23.55,93.77,14,medium
SC01822,21.28,72.54,22,low
SC01823,34.61,54.91,65,high
SC01824,38.92,83.19,45,low
SC01825,35.39,85.43,99,high
SC01826,32.32,43.24,8,medium
SC01827,19.13,47.18,65,low
SC01828,44.15,94.88,65,low
SC01829,39.57,33.18,17,low
SC01830,25.91,23.37,16,low
SC01831,44.46,56.32,71,high
SC01832,34.25,84.1,97,low
SC01833,33.73,81.73,33,high
SC01834,38.2,93.56,68,low
SC01835,39.92,62.66,63,low
SC01836,35.72,28.01,43,high
SC01837,21.46,67.1,28,medium
SC01838,27.13,82.27,61,medium
SC01839,43.06,27.47,91,low
SC01840,24.06,33.81,15,low
SC01841,28.05,20.98,77,medium
SC01842,29.67,67.49,51,medium
SC01843,29.86,90.94,1,low
SC01844,34.55,73.65,60,medium
SC01845,43.46,98.56,3,high
SC01846,24.5,25.04,51,low
SC01847,21.28,92.24,40,high
SC01848,23.33,85.13,51,low
SC01849,41.95,45.14,30,high
SC01850,35.44,97.88,25,high
SC01851,25.72,43.04,26,low
SC01852,40.03,91.14,50,high
SC01853,41.26,90.46,97,medium
SC01854,40.86,80.61,94,low
SC01855,42.81,65.08,47,medium
SC01856,24.81,29.6,10,high
SC01857,38.39,62.56,7,high
SC01858,30.43,48.54,11,low
SC01859,40.73,83.38,98,medium
SC01860,37.67,80.65,44,low
SC01861,38.96,92.85,33,medium
SC01862,35.72,21.19,76,medium
SC01863,22.79,84.73,90,low
SC01864,32.72,95.08,71,medium
SC01865,44.59,83.14,46,high
SC01866,43.31,30.42,20,medium
SC01867,19.17,26.5,40,high
SC01868,22.45,21.67,74,low
SC01869,21.56,70.3,21,high
SC01870,37.6,70.37,20,low
SC01871,40.08,98.95,27,medium
SC01872,23.76,51.84,66,high
SC01873,31.66,46.55,70,high
SC01874,40.7,69.95,13,low
SC01875,37.79,86.05,78,medium
SC01876,32.64,94.94,72,medium
SC01877,33.94,84.25,51,low
SC01878,31.73,54.13,42,medium
SC01879,26.03,70.79,70,medium
SC01880,33.26,88.5,75,medium
SC01881,36.6,59.25,18,low
SC01882,41.58,37.33,26,low
SC01883,35.18,33.58,17,high
SC01884,38.55,20.01,12,medium
SC01885,22.32,77.46,0,medium
SC01886,30.46,28.89,84,medium
SC01887,18.25,39.51,33,low
SC01888,24.66,43.83,12,medium
SC01889,37.61,64.83,50,low
SC01890,44.78,51.84,86,high
SC01891,20.68,73.97,0,high
SC01892,28.84,24.45,86,high
SC01893,39.6,29.92,27,medium
SC01894,23.51,59.94,31,medium
SC01895,32.99,46.96,71,high
SC01896,37.79,43.67,54,medium
SC01897,34.63,25.36,25,medium
SC01898,23.08,91.66,13,medium
SC01899,27.6,75.35,87,high
SC01900,39.16,29.73,92,medium
SC01901,32.96,25.2,67,medium
SC01902,18.14,97.99,62,high
SC01903,38.55,74.49,81,high
SC01904,18.95,53.4,13,medium
SC01905,38.13,76.14,26,high
SC01906,23.47,80.51,40,low
SC01907,43.87,82.4,2,high
SC01908,27.93,58.23,93,low
SC01909,26.83,54.39,58,medium
SC01910,22.02,20.88,99,high
SC01911,26.25,94.12,22,medium
SC01912,41.67,68.26,17,low
SC01913,44.9,36.25,73,low
SC01914,27.94,93.57,75,high
SC01915,30.11,93.19,40,low
SC01916,37.5,99.13,7,low
SC01917,41.93,89.92,31,medium
SC01918,34.01,99.82,80,medium
SC01919,28.57,39.57,40,high
SC01920,29.14,87.38,44,high
SC01921,36.78,85.84,77,high
SC01922,18.09,38.48,100,high
SC01923,34.73,27.88,8,high
SC01924,27.6,98.35,89,low
SC01925,39.44,43.68,47,medium
SC01926,20.51,89.67,23,medium
SC01927,33.88,20.33,86,medium
SC01928,30.99,21.68,94,low
SC01929,35.34,57.27,43,medium
SC01930,19.75,39.1,57,high
SC01931,33.66,75.19,65,medium
SC01932,33.16,65.25,17,medium
SC01933,33.14,26.2,79,medium
SC01934,34.29,33.01,28,medium
SC01935,36.26,51.04,74,medium
SC01936,39.73,34.85,1,low
SC01937,25.29,83.38,77,medium
SC01938,40.28,53.29,67,high
SC01939,31.45,27.47,97,high
SC01940,20.08,58.75,38,medium
SC01941,19.58,27.27,72,low
SC01942,27.02,30.31,40,high
SC01943,39.19,39.17,70,low
SC01944,37.11,88.76,80,low
SC01945,39.29,93.97,86,medium
SC01946,31.97,86.1,74,high
SC01947,29.89,46.73,21,high
SC01948,21.98,41.8,81,high
SC01949,26.86,63.93,48,low
SC01950,29.72,77.75,27,low
SC01951,20.39,99.47,15,medium
SC01952,23.96,30.53,67,high
SC01953,34.15,23.94,61,low
SC01954,37.86,75.55,35,medium
SC01955,44.96,86.58,21,medium
SC01956,43.19,87.71,10,high
SC01957,35.35,74.28,84,low
SC01958,29.37,96.32,79,high
SC01959,35.18,60.88,41,medium
SC01960,39.21,93.11,54,low
SC01961,21.2,97.42,72,low
SC01962,29.07,87.77,34,low
SC01963,40.67,44.78,56,medium
SC01964,28.36,35.7,33,high
SC01965,33.44,63.85,72,low
SC01966,33.87,56.24,76,medium
SC01967,22.98,90.22,69,high
SC01968,27.78,28.0,3,medium
SC01969,27.03,40.62,45,medium
SC01970,18.71,80.14,91,medium
SC01971,18.65,27.6,10,low
SC01972,40.46,45.66,97,medium
SC01973,25.37,50.97,60,low
SC01974,31.99,69.81,34,medium
SC01975,26.07,32.65,68,high
SC01976,43.4,88.85,56,low
SC01977,25.0,55.8,10,low
SC01978,29.6,93.36,11,high
SC01979,41.56,57.43,42,low
SC01980,40.73,42.0,18,low
SC01981,23.02,31.35,76,medium
SC01982,39.67,20.3,67,high
SC01983,30.37,62.57,77,low
SC01984,31.04,28.57,58,high
SC01985,21.6,51.34,1,high
SC01986,20.18,67.14,7,medium
SC01987,37.65,42.05,21,high
SC01988,31.4,34.02,76,low
SC01989,29.79,81.98,20,low
SC01990,37.7,95.74,84,low
SC01991,38.67,28.04,91,low
SC01992,22.29,32.45,96,high
SC01993,34.48,96.8,28,medium
SC01994,21.65,23.02,100,medium
SC01995,38.29,98.21,85,high
SC01996,35.74,20.37,89,high
SC01997,43.83,89.89,74,high
SC01998,19.86,44.59,74,high
SC01999,19.54,95.09,97,medium
SC02000,25.62,45.36,82,low
SC02001,25.07,72.34,36,low
SC02002,24.67,26.4,77,low
SC02003,42.47,39.39,28,low
SC02004,24.74,81.89,82,high
SC02005,25.34,62.29,36,high
SC02006,38.5,94.24,20,medium
SC02007,30.14,54.3,87,high
SC02008,38.97,89.58,89,medium
SC02009,19.76,55.92,11,low
SC02010,31.16,98.34,47,high
SC02011,18.91,96.79,82,low
SC02012,19.69,46.33,46,high
SC02013,42.47,90.87,93,low
SC02014,21.76,87.81,14,high
SC02015,32.38,36.85,66,medium
SC02016,29.1,69.94,12,medium
SC02017,27.38,25.81,58,low
SC02018,42.3,86.94,72,medium
SC02019,18.59,33.96,12,medium
SC02020,35.92,25.67,79,low
SC02021,44.01,52.02,77,high
SC02022,33.12,66.15,71,high
SC02023,43.29,88.39,18,medium
SC02024,19.41,97.94,56,low
SC02025,29.31,55.16,31,high
SC02026,25.02,24.84,98,low
SC02027,37.73,79.93,86,low
SC02028,44.5,65.21,20,low
SC02029,24.93,55.83,81,low
SC02030,35.66,44.74,13,medium
SC02031,23.35,60.19,79,low
SC02032,33.26,47.09,23,medium
SC02033,30.53,80.56,48,medium
SC02034,44.24,63.51,31,medium
SC02035,34.43,90.15,74,medium
SC02036,27.44,63.48,10,high
SC02037,21.08,39.06,59,high
SC02038,22.08,88.09,67,low
SC02039,24.08,64.58,60,medium
SC02040,24.78,36.55,89,low
SC02041,40.97,69.88,4,low
SC02042,33.15,48.62,35,high
SC02043,32.13,87.55,96,low
SC02044,21.1,56.26,63,medium
SC02045,41.22,78.12,77,low
SC02046,37.52,27.64,31,high
SC02047,19.83,51.68,70,low
SC02048,37.11,98.66,73,low
SC02049,32.68,84.68,65,medium
SC02050,20.21,32.8,9,medium
SC02051,30.37,42.22,98,medium
SC02052,31.09,46.39,20,medium
SC02053,22.48,72.03,39,low
SC02054,43.53,80.56,41,medium
SC02055,40.95,79.96,71,medium
SC02056,36.06,60.79,45,medium
SC02057,30.48,84.87,81,low
SC02058,29.12,54.97,72,high
SC02059,35.58,29.91,40,high
SC02060,32.73,65.16,93,high
SC02061,19.68,96.18,3,low
SC02062,31.84,83.44,98,medium
SC02063,39.77,66.3,13,medium
SC02064,30.4,71.74,13,low
SC02065,19.4,94.44,52,medium
SC02066,39.23,54.27,100,medium
SC02067,23.44,46.51,83,low
SC02068,24.98,98.18,28,low
SC02069,22.45,89.08,22,low
SC02070,26.92,45.84,84,low
SC02071,38.43,57.1,30,low
SC02072,32.02,53.21,95,low
SC02073,23.53,31.93,70,low
SC02074,41.7,96.63,76,high
SC02075,41.75,52.34,60,high
SC02076,41.51,90.03,22,medium
SC02077,24.45,35.15,7,high
SC02078,30.18,63.83,75,low
SC02079,44.59,21.92,99,medium
SC02080,38.84,81.14,15,low
SC02081,18.73,66.47,25,high
SC02082,19.76,70.05,28,low
SC02083,30.53,24.14,92,low
SC02084,42.55,36.88,5,low
SC02085,32.54,25.95,36,high
SC02086,31.44,43.11,32,low
SC02087,20.85,70.2,94,low
SC02088,35.73,65.29,45,low
SC02089,40.2,68.97,60,high
SC02090,28.27,63.94,40,medium
SC02091,38.94,41.84,17,medium
SC02092,44.04,39.56,94,medium
SC02093,23.5,30.96,15,medium
SC02094,32.13,87.93,50,low
SC02095,25.75,69.32,36,medium
SC02096,39.41,34.92,13,high
SC02097,33.6,34.18,67,medium
SC02098,35.13,89.84,29,high
SC02099,39.54,79.42,59,high
SC02100,28.69,72.75,52,medium
SC02101,42.71,52.55,96,medium
SC02102,32.39,40.96,35,high
SC02103,22.26,98.36,29,low
SC02104,36.79,83.78,63,low
SC02105,39.42,44.14,13,medium
SC02106,26.55,87.81,22,low
SC02107,41.14,80.71,47,low
SC02108,42.47,43.77,27,high
SC02109,25.48,54.12,6,high
SC02110,44.56,34.88,41,medium
SC02111,21.8,28.88,9,medium
SC02112,23.45,77.82,67,low
SC02113,22.97,41.4,43,medium
SC02114,42.14,85.6,12,medium
SC02115,35.67,99.65,84,high
SC02116,22.11,26.13,32,high
SC02117,29.89,57.84,91,low
SC02118,34.61,84.17,86,low
SC02119,20.25,83.12,31,medium
SC02120,41.83,80.8,47,medium
SC02121,39.7,47.92,4,low
SC02122,31.64,56.31,60,high
SC02123,44.11,67.6,89,high
SC02124,29.28,97.92,89,high
SC02125,44.57,46.2,2,high
SC02126,36.03,93.85,23,high
SC02127,35.14,41.55,97,high
SC02128,22.48,99.13,33,medium
SC02129,41.81,73.62,83,low
SC02130,29.54,57.08,93,low
SC02131,22.38,69.07,41,low
SC02132,18.34,41.8,19,medium
SC02133,33.11,41.93,40,high
SC02134,32.24,29.08,81,medium
SC02135,37.42,29.12,19,medium
SC02136,42.04,47.81,5,low
SC02137,20.14,81.03,56,low
SC02138,37.75,68.64,41,medium
SC02139,23.06,28.21,24,low
SC02140,41.17,88.18,40,low
SC02141,40.11,68.11,40,medium
SC02142,32.6,96.87,2,medium
SC02143,37.18,73.61,42,low
SC02144,26.49,34.01,45,medium
SC02145,30.72,57.9,56,medium
SC02146,40.18,71.88,82,low
SC02147,30.4,22.26,73,medium
SC02148,27.66,21.19,50,medium
SC02149,31.34,30.35,4,low
SC02150,40.36,40.13,85,high
SC02151,27.05,54.36,72,medium
SC02152,22.69,59.0,96,medium
SC02153,37.22,31.04,14,high
SC02154,40.3,73.87,87,high
SC02155,20.72,67.69,93,low
SC02156,24.48,43.56,99,high
SC02157,21.83,21.09,38,high
SC02158,27.39,26.21,69,low
SC02159,30.16,51.34,78,high
SC02160,38.22,32.32,37,low
SC02161,35.58,50.15,38,medium
SC02162,34.77,70.25,51,medium
SC02163,27.51,63.78,85,medium
SC02164,40.72,38.49,2,high
SC02165,30.72,47.51,28,high
SC02166,44.44,69.12,92,high
SC02167,35.12,88.87,30,low
SC02168,21.41,80.26,65,low
SC02169,36.26,64.27,98,high
SC02170,26.78,48.98,44,low
SC02171,36.53,49.2,72,medium
SC02172,19.88,90.35,21,high
SC02173,22.72,23.14,82,low
SC02174,41.1,99.04,100,low
SC02175,24.13,73.15,9,medium
SC02176,40.6,74.49,20,low
SC02177,25.54,23.04,16,medium
SC02178,35.36,68.44,66,low
SC02179,36.74,58.78,6,low
SC02180,31.84,28.46,100,high
SC02181,26.24,42.23,35,medium
SC02182,23.74,91.23,66,medium
SC02183,18.9,64.0,76,low
SC02184,26.21,53.07,29,medium
SC02185,35.64,25.81,86,high
SC02186,43.33,77.13,70,medium
SC02187,41.52,76.23,93,medium
SC02188,38.68,69.12,28,low
SC02189,39.29,60.82,71,medium
SC02190,35.95,54.7,73,high
SC02191,25.03,67.46,32,high
SC02192,42.49,38.67,58,medium
SC02193,36.11,95.3,19,high
SC02194,33.13,67.1,92,low
SC02195,21.0,44.9,28,medium
SC02196,30.07,55.97,52,low
SC02197,30.43,84.45,84,medium
SC02198,41.34,32.93,0,low
SC02199,32.76,43.43,33,high
SC02200,28.27,74.36,43,high
SC02201,44.37,45.24,95,low
SC02202,20.99,83.4,13,medium
SC02203,29.41,30.44,36,high
SC02204,19.13,81.01,34,low
SC02205,37.98,25.47,58,low
SC02206,42.79,21.01,23,medium
SC02207,25.56,91.86,64,low
SC02208,41.18,66.51,5,medium
SC02209,25.89,48.15,67,medium
SC02210,42.59,38.61,37,medium
SC02211,38.36,69.35,0,medium
SC02212,39.73,60.72,40,high
SC02213,18.49,99.33,30,high
SC02214,44.0,98.66,35,medium
SC02215,37.62,70.8,72,medium
SC02216,26.23,55.43,53,low
SC02217,40.39,59.29,86,low
SC02218,25.6,74.6,30,high
SC02219,41.56,28.13,28,medium
SC02220,21.04,46.27,84,low
SC02221,37.0,26.02,2,high
SC02222,32.6,25.87,57,medium
SC02223,20.61,35.67,89,high
SC02224,24.53,58.82,60,high
SC02225,18.33,82.78,5,low
SC02226,30.66,58.84,19,high
SC02227,26.13,46.84,60,low
SC02228,34.16,26.59,45,high
SC02229,26.03,64.02,12,medium
SC02230,26.1,41.7,22,high
SC02231,38.07,69.19,78,high
SC02232,19.3,98.18,30,medium
SC02233,42.38,28.91,3,medium
SC02234,41.01,36.97,74,high
SC02235,36.03,57.85,65,high
SC02236,34.02,97.49,15,medium
SC02237,42.09,81.74,30,medium
SC02238,23.0,91.86,47,low
SC02239,20.13,46.7,42,high
SC02240,24.47,99.36,3,medium
SC02241,39.45,28.23,61,high
SC02242,18.94,24.24,47,medium
SC02243,33.74,88.45,27,low
SC02244,44.88,94.18,15,low
SC02245,41.1,27.25,88,low
SC02246,32.08,29.07,76,medium
SC02247,19.72,22.65,68,low
SC02248,40.45,28.36,29,medium
SC02249,34.17,36.75,64,low
SC02250,21.1,97.61,68,medium
SC02251,20.53,73.43,13,low
SC02252,42.56,82.28,74,medium
SC02253,36.07,82.09,33,low
SC02254,40.39,62.81,55,high
SC02255,41.73,83.8,28,low
SC02256,33.44,67.66,81,low
SC02257,31.97,45.16,78,high
SC02258,29.62,64.89,24,low
SC02259,26.56,62.68,93,high
SC02260,29.73,85.88,65,high
SC02261,38.89,98.54,39,medium
SC02262,34.25,52.88,90,medium
SC02263,42.1,81.07,14,medium
SC02264,29.97,27.98,31,medium
SC02265,34.39,82.15,19,medium
SC02266,35.05,49.71,52,low
SC02267,33.98,23.15,77,medium
SC02268,36.97,49.06,90,high
SC02269,24.41,68.85,66,low
SC02270,31.83,29.54,48,high
SC02271,20.81,93.92,66,medium
SC02272,28.38,26.21,76,low
SC02273,31.17,94.4,88,low
SC02274,35.61,76.57,81,medium
SC02275,43.66,46.38,0,medium
SC02276,34.22,51.26,38,low
SC02277,38.08,79.26,60,medium
SC02278,31.67,68.12,54,medium
SC02279,35.12,73.73,68,high
SC02280,19.92,51.13,1,low
SC02281,24.87,59.03,93,medium
SC02282,27.77,99.19,16,low
SC02283,30.76,37.11,28,low
SC02284,19.23,53.43,3,low
SC02285,21.78,43.35,72,high
SC02286,25.47,81.21,63,high
SC02287,44.23,81.12,84,low
SC02288,26.95,43.4,42,medium
SC02289,31.02,26.51,75,low
SC02290,23.29,20.91,11,medium
SC02291,34.49,54.2,49,medium
SC02292,25.58,52.83,67,medium
SC02293,23.59,99.07,60,medium
SC02294,31.95,57.58,91,medium
SC02295,18.15,40.51,72,low
SC02296,18.21,91.3,50,medium
SC02297,23.91,59.29,95,medium
SC02298,18.99,67.93,76,low
SC02299,20.92,27.65,97,low
SC02300,27.15,50.63,82,high
SC02301,39.67,95.54,77,high
SC02302,33.45,67.16,4,low
SC02303,31.84,47.56,90,medium
SC02304,25.92,70.05,27,medium
SC02305,43.16,92.83,89,high
SC02306,28.72,41.92,9,high
SC02307,20.35,60.41,87,medium
SC02308,34.66,96.7,80,low
SC02309,21.07,33.79,51,medium
SC02310,27.32,77.57,79,high
SC02311,31.7,69.16,16,high
SC02312,41.6,74.37,64,medium
SC02313,31.33,48.1,20,high
SC02314,36.96,45.11,53,medium
SC02315,44.81,74.74,48,low
SC02316,21.55,37.24,21,medium
SC02317,25.42,53.57,68,low
SC02318,28.65,35.05,63,medium
SC02319,29.39,20.66,35,medium
SC02320,29.1,97.6,20,high
SC02321,42.51,54.54,55,high
SC02322,37.28,97.55,72,low
SC02323,34.41,31.23,90,low
SC02324,26.35,66.99,47,high
SC02325,40.24,36.08,75,medium
SC02326,43.79,83.21,17,high
SC02327,40.17,82.7,98,low
SC02328,18.04,29.01,14,high
SC02329,35.18,92.97,43,medium
SC02330,19.38,35.57,93,low
SC02331,24.96,69.04,44,low
SC02332,19.61,98.85,96,high
SC02333,34.3,90.59,35,medium
SC02334,36.54,96.53,39,high
SC02335,21.09,47.41,50,high
SC02336,28.36,28.45,29,low
SC02337,30.32,35.07,25,medium
SC02338,27.96,60.04,84,low
SC02339,21.27,83.46,100,medium
SC02340,29.31,32.01,30,medium
SC02341,38.28,72.78,55,medium
SC02342,19.92,45.89,60,medium
SC02343,20.16,47.3,16,low
SC02344,27.58,72.95,80,low
SC02345,43.43,57.36,97,medium
SC02346,36.05,84.96,23,high
SC02347,36.32,32.47,96,medium
SC02348,27.77,83.2,3,high
SC02349,34.03,25.14,8,low
SC02350,18.27,35.52,1,medium
SC02351,35.17,72.49,34,medium
SC02352,42.66,88.39,37,high
SC02353,34.54,40.21,44,medium
SC02354,41.59,46.18,14,medium
SC02355,37.55,62.97,41,high
SC02356,21.26,36.93,2,low
SC02357,42.37,84.89,30,low
SC02358,19.79,81.89,51,low
SC02359,32.42,31.62,40,low
SC02360,21.84,57.11,56,high
SC02361,18.32,81.99,41,medium
SC02362,29.39,46.99,52,medium
SC02363,25.97,70.65,55,high
SC02364,31.12,24.02,86,high
SC02365,33.58,68.7,75,medium
SC02366,19.18,32.21,71,high
SC02367,21.32,86.45,52,low
SC02368,33.08,48.44,84,high
SC02369,27.27,42.52,84,low
SC02370,37.69,87.27,31,medium
SC02371,35.61,24.01,80,low
SC02372,40.83,51.73,53,high
SC02373,36.7,49.6,36,low
SC02374,29.61,42.78,87,medium
SC02375,36.17,92.94,7,medium
SC02376,25.44,80.07,81,medium
SC02377,26.27,25.11,10,high
SC02378,39.3,77.17,53,high
SC02379,30.05,62.18,59,high
SC02380,39.56,92.07,9,low
SC02381,40.21,45.04,89,medium
SC02382,41.15,65.93,69,medium
SC02383,42.75,60.06,80,high
SC02384,29.64,59.16,86,medium
SC02385,26.61,56.49,41,low
SC02386,33.72,36.45,36,medium
SC02387,28.02,80.46,91,medium
SC02388,34.23,56.11,79,low
SC02389,37.05,96.68,75,high
SC02390,36.59,40.86,57,low
SC02391,28.11,74.62,84,medium
SC02392,22.51,95.26,58,medium
SC02393,29.62,73.08,23,low
SC02394,21.85,89.7,27,high
SC02395,42.03,86.2,36,low
SC02396,27.34,48.81,20,low
SC02397,22.17,68.01,32,high
SC02398,18.69,32.5,1,low
SC02399,35.44,62.84,100,low
SC02400,35.2,38.43,82,low
SC02401,27.2,79.5,27,medium
SC02402,19.94,62.24,14,medium
SC02403,29.06,52.9,0,medium
SC02404,26.4,41.5,27,low
SC02405,36.28,99.9,49,low
SC02406,34.36,25.74,34,medium
SC02407,27.84,23.48,95,low
SC02408,23.88,37.38,27,medium
SC02409,44.68,97.69,8,medium
SC02410,30.26,98.34,23,high
SC02411,36.58,72.39,62,low
SC02412,21.79,90.41,3,medium
SC02413,31.11,37.12,55,medium
SC02414,18.74,97.76,40,high
SC02415,31.65,31.42,66,high
SC02416,44.03,28.09,47,high
SC02417,28.37,28.98,85,medium
SC02418,19.05,65.85,57,low
SC02419,18.84,82.48,38,medium
SC02420,28.48,49.33,24,low
SC02421,22.32,98.23,59,high
SC02422,18.63,54.75,85,low
SC02423,38.42,32.04,46,medium
SC02424,30.38,57.28,97,high
SC02425,25.81,74.32,60,low
SC02426,42.3,86.58,83,medium
SC02427,21.14,56.7,99,low
SC02428,43.81,67.49,100,low
SC02429,26.48,41.39,26,low
SC02430,41.99,71.67,95,low
SC02431,34.28,98.88,41,low
SC02432,40.32,23.92,51,medium
SC02433,44.57,90.92,92,high
SC02434,25.79,64.98,47,low
SC02435,43.95,40.17,31,high
SC02436,28.52,96.39,23,high
SC02437,28.41,58.67,2,high
SC02438,27.19,46.54,26,medium
SC02439,32.62,34.52,72,low
SC02440,22.16,39.56,39,high
SC02441,32.95,86.63,22,high
SC02442,32.63,69.15,6,low
SC02443,38.57,93.06,80,high
SC02444,40.51,38.56,36,low
SC02445,29.89,29.69,6,high
SC02446,26.16,20.49,93,low
SC02447,25.0,60.63,76,medium
SC02448,23.25,99.86,81,medium
SC02449,19.56,75.6,94,low
SC02450,27.25,44.67,21,low
SC02451,25.3,90.15,77,high
SC02452,44.09,82.54,81,medium
SC02453,33.06,21.23,98,medium
SC02454,27.38,85.35,16,medium
SC02455,33.67,44.04,18,high
SC02456,21.76,31.97,94,low
SC02457,29.99,38.11,38,high
SC02458,34.91,57.49,35,low
SC02459,31.2,53.99,14,low
SC02460,28.85,43.11,62,medium
SC02461,44.83,33.78,28,high
SC02462,41.77,80.98,59,low
SC02463,34.83,99.21,55,medium
SC02464,33.37,82.22,39,medium
SC02465,34.76,43.67,15,low
SC02466,23.44,39.58,32,high
SC02467,28.67,37.41,88,medium
SC02468,19.07,30.94,15,high
SC02469,30.84,64.11,29,medium
SC02470,32.66,68.43,97,medium
SC02471,24.15,76.44,65,medium
SC02472,44.03,74.42,43,medium
SC02473,42.56,43.39,37,high
SC02474,37.5,46.42,50,low
SC02475,32.4,74.52,59,medium
SC02476,41.49,47.96,17,high
SC02477,21.53,37.01,4,high
SC02478,39.34,49.95,39,low
SC02479,21.37,41.77,5,high
SC02480,39.44,27.07,75,medium
SC02481,25.45,86.41,11,medium
SC02482,41.68,88.25,11,low
SC02483,43.49,37.58,72,medium
SC02484,22.02,25.18,21,high
SC02485,30.49,79.11,48,low
SC02486,44.49,36.92,49,low
SC02487,31.05,51.47,79,medium
SC02488,41.32,25.13,3,low
SC02489,33.9,38.1,49,high
SC02490,28.13,83.43,2,low
SC02491,25.72,84.35,15,low
SC02492,23.49,36.57,13,high
SC02493,38.57,46.87,63,medium
SC02494,28.44,30.74,40,low
SC02495,31.8,25.93,67,medium
SC02496,31.29,99.37,58,low
SC02497,33.59,72.45,1,low
SC02498,41.37,63.37,9,medium
SC02499,44.48,81.24,74,high
SC02500,29.0,87.21,89,high
SC02501,40.34,84.54,100,high
SC02502,38.64,21.32,25,high
SC02503,33.49,34.94,3,high
SC02504,43.81,72.39,89,high
SC02505,23.41,50.06,27,high
SC02506,20.95,98.6,1,medium
SC02507,41.06,73.23,65,low
SC02508,29.86,96.52,15,low
SC02509,40.87,36.12,56,low
SC02510,42.11,89.12,22,high
SC02511,19.69,45.71,22,medium
SC02512,41.85,99.17,76,high
SC02513,30.1,32.62,20,low
SC02514,31.78,61.31,24,medium
SC02515,34.92,83.43,57,low
SC02516,43.01,54.61,36,high
SC02517,18.52,57.45,48,high
SC02518,30.87,98.91,76,high
SC02519,36.57,54.02,14,low
SC02520,37.51,68.33,27,low
SC02521,36.7,24.36,66,low
SC02522,21.63,87.38,86,low
SC02523,26.08,71.85,3,high
SC02524,27.69,52.32,46,low
SC02525,39.72,21.29,49,medium
SC02526,25.53,67.33,59,medium
SC02527,23.69,21.01,61,medium
SC02528,43.85,20.1,66,low
SC02529,18.24,69.29,71,high
SC02530,44.94,35.12,42,medium
SC02531,36.27,35.35,88,high
SC02532,40.37,72.26,57,low
SC02533,25.95,24.3,51,high
SC02534,18.39,45.07,75,low
SC02535,37.92,31.95,68,medium
SC02536,40.52,66.41,96,medium
SC02537,37.99,72.94,45,low
SC02538,21.86,77.69,24,low
SC02539,38.34,40.42,24,high
SC02540,38.76,27.14,34,low
SC02541,35.78,26.29,60,high
SC02542,38.69,54.09,14,medium
SC02543,40.84,95.67,89,low
SC02544,34.57,37.42,73,low
SC02545,20.39,40.54,87,low
SC02546,31.17,28.07,34,medium
SC02547,20.1,68.45,28,medium
SC02548,29.0,74.39,37,high
SC02549,28.99,71.43,68,medium
SC02550,19.78,88.89,23,high
SC02551,27.42,58.91,18,low
SC02552,21.0,30.76,45,medium
SC02553,39.82,43.15,48,low
SC02554,43.59,72.99,43,low
SC02555,19.95,69.05,72,high
SC02556,43.79,62.48,25,high
SC02557,32.11,74.64,24,medium
SC02558,26.09,70.99,34,high
SC02559,20.08,90.51,35,medium
SC02560,31.52,66.88,13,high
SC02561,39.45,82.29,55,low
SC02562,37.09,39.9,5,low
SC02563,19.36,74.25,31,high
SC02564,19.97,92.18,25,medium
SC02565,28.88,50.86,14,medium
SC02566,25.97,82.33,48,medium
SC02567,24.27,77.98,94,high
SC02568,25.59,24.76,55,medium
SC02569,39.69,66.52,36,medium
SC02570,43.09,30.42,52,high
SC02571,28.94,97.39,57,high
SC02572,42.46,84.91,100,low
SC02573,26.68,28.78,82,medium
SC02574,30.86,29.74,77,medium
SC02575,24.1,67.56,35,low
SC02576,35.29,47.59,100,medium
SC02577,44.43,22.79,10,low
SC02578,34.29,63.33,26,low
SC02579,27.66,51.03,1,high
SC02580,35.49,28.09,21,low
SC02581,21.32,84.15,65,medium
SC02582,41.99,93.21,83,low
SC02583,31.58,80.53,16,medium
SC02584,30.13,85.79,3,low
SC02585,33.82,37.32,13,medium
SC02586,34.87,41.09,6,high
SC02587,19.94,36.68,78,medium
SC02588,36.43,81.21,93,medium
SC02589,24.53,95.83,15,medium
SC02590,37.28,77.35,65,low
SC02591,40.21,90.52,18,medium
SC02592,39.71,71.1,0,low
SC02593,32.92,51.01,30,medium
SC02594,32.04,54.06,3,high
SC02595,21.86,26.03,90,medium
SC02596,38.93,22.52,57,medium
SC02597,25.33,75.64,55,low
SC02598,31.41,55.07,52,high
SC02599,25.68,64.18,88,medium
SC02600,21.61,64.61,85,high
SC02601,35.0,42.19,42,low
SC02602,19.47,58.07,73,high
SC02603,38.21,57.66,96,medium
SC02604,26.57,51.07,48,low
SC02605,18.0,85.65,59,high
SC02606,31.8,56.09,93,low
SC02607,19.27,68.29,93,high
SC02608,25.46,91.64,15,high
SC02609,37.09,89.3,72,low
SC02610,19.69,91.23,80,low
SC02611,40.66,41.6,98,medium
SC02612,18.1,22.8,59,medium
SC02613,24.66,40.89,46,high
SC02614,38.0,42.3,14,high
SC02615,26.54,92.75,62,medium
SC02616,20.75,71.94,27,high
SC02617,27.73,26.54,19,high
SC02618,25.3,30.83,96,low
SC02619,40.75,32.45,62,low
SC02620,26.46,70.43,32,medium
SC02621,39.3,78.83,35,high
SC02622,42.08,88.77,12,low
SC02623,29.71,95.25,61,high
SC02624,42.57,36.14,67,high
SC02625,28.19,44.78,22,low
SC02626,44.03,39.23,71,medium
SC02627,20.41,48.7,12,low
SC02628,36.55,93.17,87,medium
SC02629,31.33,66.01,39,medium
SC02630,28.47,79.06,29,high
SC02631,35.08,59.21,93,medium
SC02632,37.0,22.31,24,high
SC02633,18.12,25.14,96,low
SC02634,22.51,63.03,72,medium
SC02635,37.25,77.5,25,high
SC02636,35.99,37.23,23,medium
SC02637,44.08,77.75,96,medium
SC02638,38.55,84.85,38,medium
SC02639,43.67,52.95,88,high
SC02640,36.97,79.71,78,medium
SC02641,26.05,52.32,60,medium
SC02642,20.84,74.27,48,high
SC02643,39.11,81.12,40,low
SC02644,35.39,99.35,69,medium
SC02645,19.3,47.63,19,medium
SC02646,27.72,52.88,43,low
SC02647,43.83,33.25,15,medium
SC02648,31.51,36.33,20,low
SC02649,29.68,75.47,14,high
SC02650,30.36,93.36,38,high
SC02651,23.64,51.57,41,low
SC02652,27.96,34.39,60,low
SC02653,27.98,42.81,3,high
SC02654,19.41,56.4,23,medium
SC02655,38.72,43.25,2,medium
SC02656,29.25,38.69,0,low
SC02657,40.2,78.88,93,low
SC02658,40.96,20.63,12,low
SC02659,23.72,63.14,53,low
SC02660,35.75,83.5,81,medium
SC02661,30.75,41.3,39,high
SC02662,41.76,68.26,10,medium
SC02663,23.82,73.51,41,medium
SC02664,36.3,72.4,92,medium
SC02665,34.41,55.67,3,low
SC02666,25.97,47.73,24,low
SC02667,21.69,86.87,99,medium
SC02668,35.59,80.68,35,medium
SC02669,37.94,45.7,63,high
SC02670,26.52,28.24,43,medium
SC02671,35.41,25.74,39,medium
SC02672,28.67,27.54,91,low
SC02673,37.26,66.63,44,high
SC02674,23.38,24.13,7,high
SC02675,42.04,46.95,84,low
SC02676,25.76,80.26,34,medium
SC02677,27.93,43.55,43,medium
SC02678,19.57,81.06,17,medium
SC02679,21.01,79.64,46,high
SC02680,31.93,39.67,24,high
SC02681,25.23,78.31,40,medium
SC02682,40.56,79.82,4,medium
SC02683,18.4,51.8,63,low
SC02684,28.24,36.83,61,low
SC02685,27.11,61.7,71,low
SC02686,18.52,93.71,86,low
SC02687,21.36,71.17,2,high
SC02688,29.17,33.83,36,medium
SC02689,31.31,74.62,94,high
SC02690,28.92,54.18,92,high
SC02691,32.34,67.32,40,high
SC02692,34.07,78.73,19,low
SC02693,18.27,61.2,66,medium
SC02694,30.53,85.12,86,low
SC02695,44.01,77.77,39,high
SC02696,32.01,69.21,84,high
SC02697,36.29,32.06,76,low
SC02698,26.42,86.88,7,low
SC02699,38.9,94.87,4,medium
SC02700,38.87,30.96,24,low
SC02701,32.07,59.06,38,high
SC02702,44.35,40.71,36,high
SC02703,21.39,80.36,4,high
SC02704,18.46,77.73,7,medium
SC02705,38.79,31.27,3,medium
SC02706,39.79,90.16,40,low
SC02707,21.25,34.48,59,high
SC02708,25.17,83.78,53,high
SC02709,18.47,56.56,21,low
SC02710,25.92,46.26,77,medium
SC02711,38.87,32.66,18,low
SC02712,31.98,33.41,76,high
SC02713,27.4,72.95,98,low
SC02714,28.04,64.03,67,medium
SC02715,18.04,29.77,32,medium
SC02716,26.09,29.02,21,high
SC02717,35.45,25.78,64,medium
SC02718,44.3,79.5,10,low
SC02719,40.87,76.95,15,low
SC02720,18.64,24.67,67,low
SC02721,42.26,64.82,92,high
SC02722,39.15,26.77,43,high
SC02723,39.07,92.3,87,low
SC02724,30.37,92.57,8,medium
SC02725,28.75,75.86,71,low
SC02726,26.18,94.1,77,high
SC02727,19.77,84.92,78,low
SC02728,24.16,86.28,61,high
SC02729,24.66,65.58,85,medium
SC02730,31.07,44.48,100,medium
SC02731,38.18,37.42,14,low
SC02732,30.79,46.18,5,low
SC02733,19.56,70.28,0,medium
SC02734,43.86,33.81,19,medium
SC02735,43.45,40.69,35,low
SC02736,39.2,57.44,1,high
SC02737,44.77,38.64,69,medium
SC02738,32.7,67.09,1,low
SC02739,43.99,93.85,2,high
SC02740,20.04,79.85,6,high
SC02741,27.87,73.31,83,low
SC02742,24.09,66.62,63,high
SC02743,23.29,59.04,40,medium
SC02744,21.8,34.93,53,high
SC02745,34.81,91.58,40,low
SC02746,39.1,39.88,4,high
SC02747,33.61,27.3,88,low
SC02748,21.97,80.0,81,medium
SC02749,39.9,34.05,62,medium
SC02750,35.17,49.75,0,low
SC02751,28.48,22.26,24,medium
SC02752,36.2,30.97,80,medium
SC02753,25.02,33.86,45,low
SC02754,27.32,24.35,14,low
SC02755,42.77,72.53,68,low
SC02756,25.84,86.96,16,medium
SC02757,30.69,49.87,20,medium
SC02758,42.03,89.97,52,medium
SC02759,37.11,37.07,54,low
SC02760,19.68,46.03,86,medium
SC02761,21.98,32.06,9,high
SC02762,18.21,69.64,80,low
SC02763,35.03,53.59,56,low
SC02764,30.09,69.06,64,medium
SC02765,21.63,80.93,36,medium
SC02766,43.86,63.66,6,medium
SC02767,32.3,70.21,75,high
SC02768,24.53,94.82,39,high
SC02769,31.52,43.93,49,medium
SC02770,36.35,48.73,0,medium
SC02771,20.06,77.42,19,low
SC02772,25.42,68.9,30,medium
SC02773,39.79,34.28,67,high
SC02774,30.41,50.09,89,high
SC02775,32.76,57.43,11,medium
SC02776,29.69,53.55,21,low
SC02777,19.19,34.26,0,low
SC02778,22.48,93.95,0,low
SC02779,30.03,80.99,2,high
SC02780,23.65,58.51,75,low
SC02781,19.35,74.4,20,medium
SC02782,40.78,91.78,12,high
SC02783,44.49,30.89,60,low
SC02784,39.41,40.03,12,medium
SC02785,41.05,63.42,81,low
SC02786,24.53,83.92,32,medium
SC02787,43.94,22.9,5,low
SC02788,23.32,98.72,24,medium
SC02789,43.69,56.39,22,high
SC02790,44.86,48.74,87,medium
SC02791,37.22,43.42,100,medium
SC02792,44.49,33.95,25,high
SC02793,33.38,83.33,3,low
SC02794,25.01,96.43,34,high
SC02795,29.8,53.09,74,low
SC02796,34.03,96.19,99,medium
SC02797,19.97,85.9,24,low
SC02798,34.8,58.48,19,low
SC02799,44.49,73.92,0,high
SC02800,23.13,54.8,93,low
SC02801,39.4,64.7,67,low
SC02802,42.51,24.64,22,medium
SC02803,43.48,75.7,98,low
SC02804,43.92,24.23,21,high
SC02805,32.08,85.37,94,high
SC02806,44.39,86.0,61,low
SC02807,38.45,38.97,0,low
SC02808,22.37,45.89,58,low
SC02809,30.88,58.5,67,medium
SC02810,37.39,67.73,18,low
SC02811,24.68,42.99,29,medium
SC02812,35.3,67.4,0,high
SC02813,36.0,43.82,47,medium
SC02814,22.39,24.44,18,low
SC02815,33.26,20.2,51,medium
SC02816,38.83,28.09,84,high
SC02817,31.47,83.38,21,medium
SC02818,18.33,96.91,49,low
SC02819,18.24,54.16,65,medium
SC02820,27.64,61.01,5,medium
SC02821,43.01,31.75,63,low
SC02822,24.17,64.08,20,high
SC02823,35.13,31.57,96,high
SC02824,24.0,68.9,18,medium
SC02825,26.69,94.66,90,high
SC02826,40.9,35.66,36,medium
SC02827,37.68,81.17,62,high
SC02828,20.58,21.88,28,medium
SC02829,29.57,50.04,59,medium
SC02830,18.79,28.86,91,low
SC02831,30.98,48.2,33,low
SC02832,35.89,33.88,0,medium
SC02833,21.2,49.86,47,medium
SC02834,25.8,53.4,88,medium
SC02835,28.74,44.05,20,medium
SC02836,42.83,72.53,33,high
SC02837,44.82,93.51,25,low
SC02838,19.21,52.05,35,low
SC02839,38.55,35.39,98,low
SC02840,28.04,41.66,22,low
SC02841,28.6,88.32,80,medium
SC02842,38.37,65.73,46,high
SC02843,42.8,56.4,75,low
SC02844,43.68,31.97,43,high
SC02845,33.58,55.98,19,high
SC02846,27.64,42.28,26,medium
SC02847,39.26,95.45,60,medium
SC02848,24.78,90.73,36,low
SC02849,33.23,26.71,83,high
SC02850,27.68,61.33,51,low
SC02851,35.73,38.0,74,medium
SC02852,24.49,52.86,91,medium
SC02853,23.17,90.15,61,high
SC02854,42.79,62.2,65,medium
SC02855,20.75,46.74,23,low
SC02856,31.66,36.63,79,medium
SC02857,23.96,84.03,11,high
SC02858,19.05,69.96,15,medium
SC02859,18.97,57.45,35,high
SC02860,22.73,37.4,1,high
SC02861,41.4,46.74,88,medium
SC02862,25.63,96.79,61,low
SC02863,43.66,61.61,63,low
SC02864,33.7,52.06,28,high
SC02865,29.79,61.71,91,high
SC02866,33.66,82.32,73,low
SC02867,31.95,47.21,86,medium
SC02868,38.49,34.3,95,high
SC02869,25.63,66.79,30,medium
SC02870,27.53,73.22,82,high
SC02871,42.14,77.02,14,low
SC02872,43.55,90.56,54,high
SC02873,42.1,49.69,32,medium
SC02874,29.33,26.03,80,medium
SC02875,39.07,96.67,51,medium
SC02876,30.86,54.8,99,medium
SC02877,31.43,69.86,19,medium
SC02878,23.53,73.3,72,high
SC02879,33.96,63.72,37,medium
SC02880,23.03,36.42,2,medium
SC02881,26.95,80.41,53,low
SC02882,41.09,84.3,65,high
SC02883,23.59,64.24,17,low
SC02884,19.92,59.08,86,medium
SC02885,19.86,29.12,82,low
SC02886,43.4,26.72,6,medium
SC02887,31.69,47.17,34,low
SC02888,29.05,44.87,83,high
SC02889,39.89,96.29,83,low
SC02890,40.57,82.69,82,medium
SC02891,26.97,72.79,79,high
SC02892,36.73,61.41,84,low
SC02893,38.82,33.39,92,high
SC02894,35.68,98.28,59,high
SC02895,22.09,50.0,23,high
SC02896,41.65,28.55,100,low
SC02897,32.56,59.5,92,low
SC02898,25.63,89.92,94,low
SC02899,29.48,90.98,38,low
SC02900,19.01,20.88,11,low
SC02901,21.45,90.9,93,high
SC02902,38.67,41.72,52,medium
SC02903,18.0,23.12,63,low
SC02904,29.25,87.82,3,low
SC02905,32.11,89.11,93,medium
SC02906,19.48,67.7,4,low
SC02907,44.27,65.95,15,high
SC02908,24.11,85.05,26,low
SC02909,26.21,82.9,3,high
SC02910,26.21,91.21,71,medium
SC02911,24.22,64.22,47,high
SC02912,18.04,97.41,7,low
SC02913,37.69,99.69,80,low
SC02914,44.1,29.32,45,medium
SC02915,24.06,87.96,43,high
SC02916,35.9,59.99,66,high
SC02917,38.03,51.01,90,medium
SC02918,40.91,69.05,51,low
SC02919,29.41,24.48,33,medium
SC02920,26.18,60.52,61,low
SC02921,26.78,89.67,20,medium
SC02922,37.24,37.08,23,low
SC02923,40.05,54.11,43,low
SC02924,22.9,95.16,40,medium
SC02925,28.02,54.29,28,high
SC02926,42.35,48.67,5,medium
SC02927,39.78,55.24,55,medium
SC02928,44.59,61.56,13,high
SC02929,38.36,70.56,49,low
SC02930,28.62,84.06,77,low
SC02931,33.95,56.17,100,high
SC02932,35.85,85.4,51,medium
SC02933,20.12,62.7,87,medium
SC02934,32.7,47.08,76,low
SC02935,37.15,72.64,0,medium
SC02936,22.52,77.42,11,medium
SC02937,39.08,64.64,23,low
SC02938,33.76,24.53,36,medium
SC02939,43.71,33.59,83,medium
SC02940,19.15,42.82,69,high
SC02941,25.16,42.61,75,high
SC02942,34.24,73.87,84,high
SC02943,26.01,21.47,2,high
SC02944,37.29,80.45,26,low
SC02945,38.49,41.23,52,high
SC02946,20.77,44.8,99,medium
SC02947,31.87,62.23,16,high
SC02948,31.74,37.27,14,low
SC02949,27.97,90.76,38,high
SC02950,43.19,26.83,3,low
SC02951,40.34,55.55,16,low
SC02952,36.82,87.95,10,high
SC02953,37.29,69.27,11,high
SC02954,30.47,43.39,31,medium
SC02955,42.87,53.66,26,medium
SC02956,36.75,76.54,43,low
SC02957,37.68,97.86,42,medium
SC02958,41.27,91.45,90,low
SC02959,25.4,47.39,48,high
SC02960,39.79,99.86,92,medium
SC02961,23.27,20.28,72,high
SC02962,27.32,22.21,42,medium
SC02963,27.06,85.91,2,medium
SC02964,44.42,35.96,28,medium
SC02965,41.13,24.86,84,medium
SC02966,36.93,38.97,34,low
SC02967,37.63,54.09,47,high
SC02968,33.18,78.45,73,medium
SC02969,43.57,69.95,86,medium
SC02970,31.4,39.01,38,low
SC02971,28.27,60.26,88,low
SC02972,22.4,94.1,23,medium
SC02973,39.23,85.2,19,high
SC02974,37.83,45.86,14,medium
SC02975,28.38,98.58,84,low
SC02976,18.68,76.69,75,low
SC02977,40.65,25.0,17,high
SC02978,18.31,22.81,59,high
SC02979,37.0,33.47,86,high
SC02980,44.2,78.23,92,low
SC02981,29.82,34.7,40,high
SC02982,24.34,60.92,99,high
SC02983,37.03,27.46,68,high
SC02984,40.06,93.67,89,low
SC02985,32.75,47.52,74,high
SC02986,44.11,92.65,10,medium
SC02987,19.4,95.59,55,medium
SC02988,31.63,20.49,17,medium
SC02989,37.4,57.13,11,high
SC02990,41.29,21.97,15,high
SC02991,22.84,92.7,26,high
SC02992,39.6,61.47,99,medium
SC02993,32.92,26.0,16,medium
SC02994,28.71,28.82,84,medium
SC02995,21.56,50.68,100,low
SC02996,41.36,95.22,30,low
SC02997,22.25,75.43,34,high
SC02998,26.36,89.41,26,low
SC02999,25.83,49.32,86,high
SC03000,41.53,23.46,31,high
SC03001,36.16,97.95,16,medium
SC03002,39.51,21.37,10,high
SC03003,24.76,95.81,0,medium
SC03004,34.87,49.49,91,low
SC03005,33.44,20.81,81,medium
SC03006,40.49,75.13,48,high
SC03007,42.46,98.44,40,high
SC03008,18.33,97.25,19,medium
SC03009,36.2,32.87,70,low
SC03010,19.4,34.5,36,low
SC03011,32.82,65.24,15,medium
SC03012,25.77,70.98,38,medium
SC03013,26.28,79.15,44,medium
SC03014,27.53,34.48,63,high
SC03015,34.77,96.72,46,high
SC03016,27.02,71.1,22,low
SC03017,37.78,87.76,31,medium
SC03018,28.92,63.21,48,high
SC03019,19.85,53.14,80,medium
SC03020,39.16,98.17,18,low
SC03021,25.72,66.57,97,low
SC03022,29.68,89.35,77,high
SC03023,36.51,96.26,66,low
SC03024,26.98,74.03,38,medium
SC03025,19.53,63.92,88,medium
SC03026,28.1,20.28,59,low
SC03027,43.5,23.2,10,medium
SC03028,35.33,36.07,48,low
SC03029,36.13,34.88,14,medium
SC03030,35.07,40.38,82,low
SC03031,23.37,44.39,60,medium
SC03032,29.3,48.81,42,high
SC03033,38.28,53.64,14,low
SC03034,20.74,27.91,78,high
SC03035,25.5,23.39,78,low
SC03036,25.46,73.92,72,medium
SC03037,29.66,62.99,4,medium
SC03038,44.47,55.53,82,medium
SC03039,19.82,70.76,87,low
SC03040,32.0,86.21,28,low
SC03041,22.84,54.22,61,medium
SC03042,44.21,71.29,59,low
SC03043,21.06,96.29,68,high
SC03044,28.9,87.17,21,low
SC03045,37.92,54.08,12,medium
SC03046,37.02,71.58,49,medium
SC03047,29.41,34.17,46,medium
SC03048,27.36,64.84,28,high
SC03049,28.74,98.51,79,medium
SC03050,25.14,61.47,99,low
SC03051,23.54,94.21,16,high
SC03052,31.04,52.59,19,low
SC03053,25.25,99.91,77,medium
SC03054,25.76,66.34,5,high
SC03055,35.73,23.38,21,low
SC03056,44.15,66.94,8,medium
SC03057,34.3,41.97,31,low
SC03058,20.08,22.6,87,high
SC03059,20.04,85.67,32,high
SC03060,43.69,42.06,76,low
SC03061,26.03,83.72,98,medium
SC03062,20.49,43.06,69,medium
SC03063,34.17,35.55,48,medium
SC03064,34.84,97.91,29,low
SC03065,35.51,48.93,15,medium
SC03066,25.22,68.11,64,high
SC03067,18.41,68.8,81,low
SC03068,44.06,64.84,85,low
SC03069,24.77,93.18,89,high
SC03070,36.25,73.96,13,low
SC03071,37.08,52.3,55,medium
SC03072,34.47,88.99,36,medium
SC03073,26.45,34.49,48,low
SC03074,25.32,63.54,77,medium
SC03075,34.14,96.04,89,medium
SC03076,41.38,70.03,49,medium
SC03077,43.56,85.36,35,medium
SC03078,20.86,72.28,51,high
SC03079,22.18,87.15,22,medium
SC03080,43.51,95.56,65,low
SC03081,37.89,41.83,70,low
SC03082,41.84,33.57,44,low
SC03083,23.47,58.72,85,high
SC03084,33.86,76.15,27,high
SC03085,36.93,38.18,19,low
SC03086,36.36,20.33,48,medium
SC03087,29.02,47.43,56,low
SC03088,18.42,97.51,81,high
SC03089,33.74,75.6,87,low
SC03090,24.83,52.11,96,medium
SC03091,30.16,35.41,58,low
SC03092,43.85,48.49,25,low
SC03093,28.77,33.59,18,low
SC03094,40.67,28.5,12,medium
SC03095,23.09,92.54,73,medium
SC03096,36.16,99.81,61,low
SC03097,44.38,33.13,13,low
SC03098,20.75,24.36,72,medium
SC03099,18.22,46.38,10,high
SC03100,29.71,56.93,66,high
SC03101,20.5,36.39,11,high
SC03102,38.21,44.11,34,medium
SC03103,42.69,36.07,38,high
SC03104,29.72,81.94,31,medium
SC03105,24.99,77.01,13,low
SC03106,29.73,70.8,64,medium
SC03107,37.53,50.98,26,low
SC03108,18.24,92.72,100,low
SC03109,33.92,97.56,59,low
SC03110,34.56,33.89,42,low
SC03111,35.22,37.84,64,low
SC03112,24.53,62.05,54,medium
SC03113,37.28,27.3,92,medium
SC03114,20.47,54.92,87,high
SC03115,23.38,66.54,80,low
SC03116,41.69,61.77,34,low
SC03117,37.95,46.47,94,high
SC03118,18.37,63.4,31,medium
SC03119,24.71,96.7,18,high
SC03120,23.79,36.48,94,medium
SC03121,25.31,72.39,38,medium
SC03122,24.68,23.47,19,low
SC03123,19.69,25.31,27,high
SC03124,30.39,64.15,2,low
SC03125,37.78,28.4,31,low
SC03126,34.38,21.79,85,medium
SC03127,36.17,33.72,57,medium
SC03128,20.19,65.19,53,high
SC03129,43.69,76.27,41,low
SC03130,40.64,36.2,14,medium
SC03131,39.74,73.46,82,medium
SC03132,40.22,34.6,61,low
SC03133,43.18,69.08,30,high
SC03134,32.69,52.96,60,medium
SC03135,23.41,72.3,25,medium
SC03136,34.65,99.6,68,high
SC03137,38.06,95.03,56,medium
SC03138,37.92,20.34,19,high
SC03139,32.08,90.84,65,high
SC03140,19.85,25.32,20,medium
SC03141,28.02,96.24,59,high
SC03142,42.86,42.55,62,low
SC03143,33.78,50.56,50,high
SC03144,32.53,27.33,99,medium
SC03145,25.26,28.98,91,high
SC03146,27.95,78.14,83,medium
SC03147,42.17,95.55,100,high
SC03148,35.99,68.86,38,high
SC03149,39.26,77.27,99,medium
SC03150,30.27,80.96,10,medium
SC03151,35.02,41.03,56,high
SC03152,24.71,23.62,2,low
SC03153,37.05,20.15,36,low
SC03154,29.55,48.05,83,medium
SC03155,29.95,39.32,95,medium
SC03156,35.53,24.99,24,low
SC03157,43.28,34.36,20,medium
SC03158,19.73,29.96,79,low
SC03159,40.27,93.19,41,low
SC03160,25.89,31.22,0,low
SC03161,29.99,63.01,22,low
SC03162,18.59,67.45,23,low
SC03163,26.13,63.48,46,medium
SC03164,31.57,27.92,88,low
SC03165,19.52,45.5,6,high
SC03166,31.26,24.1,37,medium
SC03167,43.03,51.65,46,low
SC03168,20.85,35.09,34,low
SC03169,38.64,64.93,77,high
SC03170,29.06,75.42,61,low
SC03171,35.69,62.57,72,high
SC03172,25.03,54.74,2,medium
SC03173,22.31,50.99,19,medium
SC03174,22.33,87.34,96,high
SC03175,19.9,37.55,43,medium
SC03176,23.01,78.74,31,high
SC03177,35.93,80.6,99,high
SC03178,41.81,53.54,25,high
SC03179,39.98,43.78,47,high
SC03180,36.5,57.64,4,low
SC03181,20.98,27.46,58,low
SC03182,25.81,23.67,60,medium
SC03183,26.36,28.93,48,high
SC03184,24.75,34.97,29,medium
SC03185,31.91,60.33,16,low
SC03186,32.46,87.93,69,high
SC03187,27.64,38.85,57,medium
SC03188,27.55,94.81,62,medium
SC03189,40.37,96.39,60,high
SC03190,39.31,96.71,62,medium
SC03191,26.31,87.01,14,medium
SC03192,42.67,49.11,0,medium
SC03193,43.73,25.81,12,medium
SC03194,26.82,65.51,47,low
SC03195,27.57,64.69,33,medium
SC03196,31.65,88.0,29,low
SC03197,43.41,99.68,18,medium
SC03198,41.66,60.65,63,medium
SC03199,20.77,47.62,65,low
SC03200,28.6,34.87,56,medium
SC03201,32.94,20.38,43,medium
SC03202,31.58,60.73,11,low
SC03203,23.23,64.44,39,low
SC03204,41.19,86.0,23,high
SC03205,36.28,60.37,10,high
SC03206,40.62,93.32,65,medium
SC03207,41.19,70.25,0,high
SC03208,38.21,87.23,57,medium
SC03209,29.86,31.86,27,high
SC03210,34.48,88.43,67,low
SC03211,22.33,74.01,93,high
SC03212,36.19,33.62,58,medium
SC03213,22.84,35.18,70,medium
SC03214,36.74,94.12,21,medium
SC03215,24.2,22.58,89,low
SC03216,21.17,57.0,28,high
SC03217,22.46,45.08,88,low
SC03218,18.05,73.21,73,medium
SC03219,37.41,87.17,83,medium
SC03220,37.77,48.83,77,medium
SC03221,31.9,54.15,96,low
SC03222,22.36,98.55,68,high
SC03223,20.26,82.71,44,high
SC03224,18.52,91.78,69,medium
SC03225,22.48,55.1,85,high
SC03226,42.05,38.73,16,high
SC03227,24.52,52.95,78,medium
SC03228,27.57,77.29,38,high
SC03229,20.84,28.75,39,medium
SC03230,24.0,41.64,27,high
SC03231,32.02,23.73,1,low
SC03232,34.41,54.59,81,high
SC03233,24.62,86.2,26,high
SC03234,19.56,21.97,20,medium
SC03235,28.56,74.03,86,medium
SC03236,24.32,94.6,6,high
SC03237,23.93,38.95,60,high
SC03238,43.92,75.49,51,low
SC03239,34.64,98.01,47,high
SC03240,33.04,96.98,18,low
SC03241,29.23,38.79,72,high
SC03242,29.58,28.03,11,low
SC03243,32.6,31.86,93,low
SC03244,36.8,76.16,70,low
SC03245,36.96,78.06,1,medium
SC03246,22.64,73.94,16,high
SC03247,31.5,46.89,74,low
SC03248,29.12,33.58,75,high
SC03249,41.5,66.46,2,high
SC03250,35.05,58.69,20,high
SC03251,32.38,78.31,77,medium
SC03252,21.12,55.31,78,medium
SC03253,34.35,47.09,50,low
SC03254,21.16,43.48,9,low
SC03255,27.1,36.92,54,high
SC03256,21.86,41.26,35,low
SC03257,36.69,27.59,50,high
SC03258,23.57,47.75,73,low
SC03259,28.58,22.93,16,low
SC03260,42.18,34.91,88,low
SC03261,23.52,79.74,60,high
SC03262,31.71,46.04,90,medium
SC03263,29.32,73.46,96,low
SC03264,18.49,77.35,74,medium
SC03265,39.4,66.49,12,high
SC03266,19.86,96.7,64,medium
SC03267,30.8,21.72,94,low
SC03268,33.14,79.09,96,low
SC03269,34.97,96.7,84,high
SC03270,36.59,88.98,79,medium
SC03271,24.84,33.43,86,high
SC03272,18.27,46.15,73,medium
SC03273,37.53,33.8,47,low
SC03274,32.46,68.1,96,medium
SC03275,40.58,76.98,85,medium
SC03276,40.18,45.37,69,medium
SC03277,40.77,63.16,46,high
SC03278,31.1,75.27,99,medium
SC03279,27.01,53.71,9,medium
SC03280,39.37,88.32,56,low
SC03281,30.18,81.72,79,low
SC03282,22.95,25.17,12,medium
SC03283,41.08,69.69,60,medium
SC03284,41.83,38.83,57,low
SC03285,30.59,64.6,83,low
SC03286,20.04,96.55,67,medium
SC03287,28.47,90.32,83,high
SC03288,39.7,52.36,85,low
SC03289,42.35,43.32,28,medium
SC03290,23.49,38.75,15,low
SC03291,19.81,62.6,62,medium
SC03292,41.69,29.14,46,medium
SC03293,28.51,63.94,42,low
SC03294,32.63,20.11,22,medium
SC03295,44.14,45.91,29,low
SC03296,19.8,37.59,56,low
SC03297,35.5,97.7,29,medium
SC03298,20.0,78.18,66,medium
SC03299,28.14,47.97,55,high
SC03300,39.7,27.43,23,low
SC03301,29.7,61.34,100,high
SC03302,44.92,37.08,76,low
SC03303,33.09,62.91,95,low
SC03304,26.67,86.83,100,medium
SC03305,23.94,69.26,75,medium
SC03306,27.46,70.7,7,high
SC03307,28.06,63.28,87,medium
SC03308,19.86,94.18,43,low
SC03309,27.98,94.55,79,high
SC03310,30.53,61.02,95,low
SC03311,37.51,44.46,33,low
SC03312,35.73,56.77,34,medium
SC03313,37.14,34.92,95,high
SC03314,18.23,70.91,49,high
SC03315,23.88,60.01,16,medium
SC03316,35.87,28.26,1,high
SC03317,31.07,35.81,89,medium
SC03318,18.14,58.37,53,high
SC03319,39.72,91.01,43,low
SC03320,38.87,65.31,80,low
SC03321,32.81,74.52,48,medium
SC03322,19.79,47.12,1,high
SC03323,38.7,65.71,71,high
SC03324,33.76,55.79,69,medium
SC03325,39.11,72.73,8,low
SC03326,38.3,24.05,0,low
SC03327,39.68,59.46,68,high
SC03328,31.99,43.68,8,low
SC03329,21.79,46.09,13,high
SC03330,36.12,96.87,26,low
SC03331,34.75,34.62,8,medium
SC03332,38.04,44.9,35,medium
SC03333,22.59,60.79,92,high
SC03334,23.26,89.04,83,medium
SC03335,42.04,53.33,78,medium
SC03336,38.25,79.51,99,medium
SC03337,42.52,88.51,2,high
SC03338,38.49,44.8,22,medium
SC03339,34.12,51.42,72,low
SC03340,35.66,48.52,29,medium
SC03341,42.01,86.63,18,medium
SC03342,33.63,23.55,66,high
SC03343,35.07,44.67,49,low
SC03344,22.22,74.35,47,low
SC03345,30.8,65.24,2,high
SC03346,37.34,54.9,97,high
SC03347,25.32,63.2,65,medium
SC03348,23.46,35.81,26,low
SC03349,26.47,54.46,86,low
SC03350,24.52,60.14,95,low
SC03351,23.8,92.1,98,medium
SC03352,29.47,40.87,39,low
SC03353,42.51,89.43,17,high
SC03354,31.69,71.54,26,low
SC03355,23.07,21.63,10,medium
SC03356,20.08,77.97,38,medium
SC03357,36.8,22.84,18,medium
SC03358,28.34,99.79,88,medium
SC03359,40.19,89.81,6,medium
SC03360,35.81,43.79,94,high
SC03361,39.5,40.59,56,high
SC03362,25.34,50.52,1,low
SC03363,36.69,48.49,37,low
SC03364,25.13,49.79,4,high
SC03365,43.35,45.46,77,medium
SC03366,35.18,69.69,81,high
SC03367,26.76,33.14,35,medium
SC03368,25.28,87.68,67,low
SC03369,23.16,84.99,87,medium
SC03370,36.76,58.12,76,medium
SC03371,23.91,88.22,84,medium
SC03372,34.07,39.77,56,high
SC03373,25.15,21.41,96,medium
SC03374,35.87,69.54,19,low
SC03375,40.0,56.63,4,high
SC03376,39.01,65.37,23,medium
SC03377,38.54,91.95,98,medium
SC03378,23.07,97.59,29,medium
SC03379,20.39,70.76,27,medium
SC03380,36.87,81.12,52,medium
SC03381,27.95,26.7,50,medium
SC03382,29.67,32.86,6,high
SC03383,18.84,78.66,41,low
SC03384,25.01,54.51,34,medium
SC03385,18.91,55.68,93,medium
SC03386,41.74,44.69,33,low
SC03387,24.57,68.59,72,high
SC03388,33.05,34.81,75,medium
SC03389,19.05,70.15,53,low
SC03390,36.0,33.9,28,medium
SC03391,26.72,25.11,9,low
SC03392,42.24,46.43,26,high
SC03393,41.98,38.49,82,medium
SC03394,26.78,91.12,12,low
SC03395,42.33,24.4,41,high
SC03396,44.9,34.13,36,low
SC03397,40.29,63.9,60,medium
SC03398,40.81,58.49,95,high
SC03399,24.72,23.67,78,medium
SC03400,33.57,20.58,20,high
SC03401,19.82,99.05,2,high
SC03402,20.56,72.71,7,high
SC03403,44.97,49.23,69,medium
SC03404,26.82,57.63,92,medium
SC03405,38.2,41.32,82,high
SC03406,39.78,47.59,16,high
SC03407,41.17,71.92,9,high
SC03408,44.94,90.62,96,high
SC03409,24.52,34.73,12,high
SC03410,19.09,87.23,90,low
SC03411,29.1,29.72,11,low
SC03412,21.51,37.2,65,low
SC03413,18.61,22.97,73,low
SC03414,27.73,31.26,84,low
SC03415,39.16,93.38,22,low
SC03416,33.29,56.76,64,low
SC03417,26.45,26.21,96,high
SC03418,35.67,96.78,51,low
SC03419,24.26,90.32,60,low
SC03420,18.39,80.37,25,high
SC03421,38.64,94.68,14,high
SC03422,34.84,37.61,21,low
SC03423,38.58,86.91,88,low
SC03424,19.05,75.2,64,low
SC03425,40.6,89.58,25,medium
SC03426,34.73,83.75,20,low
SC03427,33.21,47.72,23,medium
SC03428,34.86,81.95,15,high
SC03429,41.34,41.0,31,medium
SC03430,33.85,46.29,15,medium
SC03431,33.69,28.63,76,low
SC03432,44.75,94.81,41,medium
SC03433,38.43,43.28,31,medium
SC03434,29.94,61.65,49,medium
SC03435,37.1,51.31,40,high
SC03436,28.51,96.79,23,low
SC03437,24.18,46.8,12,high
SC03438,34.12,82.28,74,high
SC03439,43.06,88.43,78,low
SC03440,43.09,54.85,9,low
SC03441,27.23,50.25,41,low
SC03442,32.25,79.82,40,medium
SC03443,23.71,93.03,2,low
SC03444,44.88,80.39,54,low
SC03445,44.49,38.17,15,high
SC03446,35.54,91.06,43,low
SC03447,39.72,51.01,80,medium
SC03448,37.31,66.1,88,high
SC03449,34.02,86.51,29,high
SC03450,19.44,35.07,98,low
SC03451,30.28,82.76,36,low
SC03452,36.22,67.69,59,high
SC03453,36.29,91.47,76,high
SC03454,28.07,33.76,23,high
SC03455,43.43,53.65,25,low
SC03456,22.52,86.63,57,high
SC03457,31.51,21.54,8,medium
SC03458,36.65,28.98,60,high
SC03459,36.82,99.25,18,medium
SC03460,35.51,42.43,27,medium
SC03461,25.43,98.04,6,low
SC03462,22.22,34.6,44,low
SC03463,35.17,48.89,85,medium
SC03464,34.18,80.23,93,low
SC03465,22.84,72.62,62,medium
SC03466,37.04,66.49,36,low
SC03467,30.29,62.39,15,high
SC03468,36.03,87.48,99,low
SC03469,40.61,38.8,4,high
SC03470,22.58,55.4,28,high
SC03471,18.52,32.44,51,low
SC03472,39.04,67.68,22,low
SC03473,34.46,40.04,5,high
SC03474,36.89,46.71,35,low
SC03475,40.63,57.7,56,low
SC03476,39.68,22.14,32,medium
SC03477,43.94,27.36,48,medium
SC03478,32.47,74.87,40,low
SC03479,31.19,54.32,79,high
SC03480,28.85,89.18,54,high
SC03481,22.15,75.57,97,high
SC03482,33.46,20.65,25,medium
SC03483,25.48,69.34,36,high
SC03484,42.88,27.5,76,medium
SC03485,33.75,82.47,16,high
SC03486,34.01,99.32,95,medium
SC03487,27.58,62.5,31,low
SC03488,19.4,74.62,27,high
SC03489,18.86,38.99,92,medium
SC03490,29.43,55.01,24,high
SC03491,20.28,88.49,46,low
SC03492,34.38,33.39,21,high
SC03493,41.79,41.24,90,low
SC03494,41.84,55.63,60,medium
SC03495,35.79,76.98,43,medium
SC03496,23.7,50.07,19,medium
SC03497,41.3,94.22,49,high
SC03498,41.92,27.56,87,medium
SC03499,23.31,49.66,46,low
SC03500,37.91,76.72,46,medium
SC03501,25.74,38.08,71,low
SC03502,39.67,72.51,50,medium
SC03503,44.93,33.14,54,low
SC03504,18.81,24.48,77,medium
SC03505,42.23,29.68,38,high
SC03506,34.81,94.4,13,low
SC03507,44.28,64.14,68,medium
SC03508,30.56,83.71,46,low
SC03509,40.88,46.61,20,low
SC03510,19.68,67.41,14,medium
SC03511,27.05,59.6,99,medium
SC03512,19.81,95.66,96,medium
SC03513,44.33,79.81,80,high
SC03514,40.06,78.44,83,high
SC03515,41.02,23.71,0,high
SC03516,43.33,63.97,79,medium
SC03517,20.3,57.36,81,medium
SC03518,28.41,94.23,9,medium
SC03519,19.92,40.59,22,high
SC03520,23.69,41.59,17,medium
SC03521,24.19,52.91,57,low
SC03522,30.67,39.47,72,low
SC03523,25.25,30.33,93,medium
SC03524,20.73,88.59,76,low
SC03525,22.52,64.66,51,low
SC03526,21.98,88.91,94,medium
SC03527,44.27,86.49,45,low
SC03528,38.5,42.56,12,medium
SC03529,44.13,63.82,95,high
SC03530,29.87,26.66,16,low
SC03531,25.52,93.22,66,low
SC03532,39.55,52.34,60,low
SC03533,26.81,51.49,64,medium
SC03534,26.08,44.22,52,medium
SC03535,24.28,56.85,4,medium
SC03536,21.5,40.14,31,medium
SC03537,24.92,49.99,88,medium
SC03538,27.59,84.0,44,high
SC03539,36.2,86.74,55,low
SC03540,19.69,44.33,4,high
SC03541,23.68,57.52,100,medium
SC03542,39.84,89.91,86,low
SC03543,21.97,24.21,75,medium
SC03544,27.25,91.13,33,low
SC03545,41.35,37.53,60,medium
SC03546,22.18,74.28,86,low
SC03547,20.23,66.6,79,low
SC03548,31.08,64.24,61,medium
SC03549,26.17,88.75,68,high
SC03550,33.21,28.13,62,high
SC03551,39.7,47.76,43,medium
SC03552,21.7,63.06,27,medium
SC03553,33.68,84.9,69,high
SC03554,31.65,37.32,12,low
SC03555,21.89,84.23,42,low
SC03556,34.85,51.97,29,medium
SC03557,25.39,35.11,25,medium
SC03558,31.17,80.72,80,medium
SC03559,20.22,27.27,62,medium
SC03560,30.41,61.18,72,low
SC03561,26.27,25.11,56,medium
SC03562,40.2,48.51,63,medium
SC03563,19.54,68.09,79,high
SC03564,29.3,64.49,48,high
SC03565,30.38,52.37,51,medium
SC03566,37.58,54.32,62,low
SC03567,33.51,38.14,81,medium
SC03568,36.01,56.47,12,low
SC03569,38.98,96.26,92,high
SC03570,41.28,88.04,87,high
SC03571,26.47,31.62,44,medium
SC03572,32.53,22.38,45,high
SC03573,40.68,94.68,76,medium
SC03574,44.72,62.14,88,low
SC03575,42.02,63.03,40,high
SC03576,28.03,82.46,45,medium
SC03577,23.27,45.18,0,high
SC03578,31.21,58.55,72,low
SC03579,38.02,97.49,67,high
SC03580,31.3,73.77,91,medium
SC03581,31.05,32.3,11,high
SC03582,40.63,30.66,87,low
SC03583,27.76,36.34,72,medium
SC03584,41.21,81.34,34,high
SC03585,28.98,43.63,98,medium
SC03586,26.86,21.71,32,medium
SC03587,30.26,95.53,57,medium
SC03588,38.59,33.58,34,high
SC03589,21.4,20.76,45,high
SC03590,23.3,38.97,83,medium
SC03591,43.69,38.8,65,high
SC03592,22.74,53.76,43,medium
SC03593,33.33,93.63,25,high
SC03594,33.64,90.33,41,medium
SC03595,31.22,56.55,76,low
SC03596,35.41,52.87,29,low
SC03597,24.21,64.4,31,medium
SC03598,32.92,39.48,35,medium
SC03599,28.05,24.17,18,high
SC03600,35.87,95.14,21,high
SC03601,21.81,34.94,64,high
SC03602,33.41,35.87,56,low
SC03603,23.0,57.8,10,medium
SC03604,25.52,59.33,25,medium
SC03605,23.91,21.47,47,low
SC03606,22.94,31.84,18,medium
SC03607,40.29,50.25,82,low
SC03608,25.71,74.7,11,low
SC03609,43.03,38.27,66,low
SC03610,44.19,53.84,55,high
SC03611,33.42,64.59,17,medium
SC03612,21.86,91.09,4,high
SC03613,28.11,46.09,23,medium
SC03614,39.54,30.68,77,low
SC03615,27.92,59.14,37,low
SC03616,20.35,79.74,66,low
SC03617,33.03,28.79,69,medium
SC03618,40.82,53.97,75,high
SC03619,39.49,21.42,51,medium
SC03620,22.73,22.68,74,low
SC03621,36.16,58.64,38,low
SC03622,23.95,43.86,58,medium
SC03623,23.89,87.61,25,medium
SC03624,41.6,68.17,64,medium
SC03625,24.74,56.31,79,low
SC03626,25.11,52.63,47,medium
SC03627,18.02,59.78,52,medium
SC03628,41.51,23.24,8,high
SC03629,39.4,91.42,4,low
SC03630,34.94,99.86,71,low
SC03631,38.26,34.52,60,medium
SC03632,22.11,29.63,20,low
SC03633,30.37,31.49,96,medium
SC03634,27.48,72.88,62,low
SC03635,20.53,72.92,19,low
SC03636,31.13,87.83,57,high
SC03637,42.86,80.15,44,low
SC03638,19.08,55.98,21,low
SC03639,25.87,69.03,76,low
SC03640,23.6,75.06,74,high
SC03641,24.43,61.02,81,medium
SC03642,42.53,58.05,62,high
SC03643,30.64,71.61,29,high
SC03644,30.59,64.6,62,high
SC03645,38.54,71.52,96,medium
SC03646,22.17,69.03,43,high
SC03647,31.16,77.54,66,medium
SC03648,29.61,71.42,57,high
SC03649,34.12,61.58,64,high
SC03650,44.99,74.54,35,medium
SC03651,38.78,55.96,5,low
SC03652,28.74,39.33,36,medium
SC03653,40.34,20.11,92,medium
SC03654,22.61,64.8,74,medium
SC03655,18.82,67.25,54,high
SC03656,23.52,97.76,76,medium
SC03657,27.19,48.92,74,low
SC03658,31.79,51.53,58,medium
SC03659,34.61,36.14,37,high
SC03660,42.59,25.64,24,high
SC03661,31.77,81.82,78,medium
SC03662,31.53,39.97,76,low
SC03663,19.36,68.71,32,low
SC03664,18.94,75.02,12,low
SC03665,32.88,57.7,37,low
SC03666,29.83,90.11,57,high
SC03667,40.66,55.5,87,low
SC03668,22.34,42.79,19,low
SC03669,18.67,91.68,16,high
SC03670,30.12,88.93,23,medium
SC03671,24.41,33.12,25,low
SC03672,19.34,22.08,39,medium
SC03673,37.56,27.2,31,low
SC03674,21.01,42.92,92,medium
SC03675,34.42,97.78,77,high
SC03676,25.59,64.68,36,high
SC03677,22.68,49.86,85,low
SC03678,28.25,91.1,97,low
SC03679,39.64,56.25,90,medium
SC03680,28.59,45.22,91,low
SC03681,38.27,95.3,85,medium
SC03682,21.39,87.96,59,low
SC03683,38.86,87.49,56,medium
SC03684,24.4,60.98,57,high
SC03685,36.29,83.16,66,high
SC03686,33.28,34.35,21,high
SC03687,43.09,65.86,57,low
SC03688,28.46,98.71,84,medium
SC03689,19.79,43.28,79,medium
SC03690,18.52,83.55,72,high
SC03691,40.33,59.24,76,high
SC03692,32.17,23.18,73,high
SC03693,38.93,81.04,48,high
SC03694,24.33,33.49,84,medium
SC03695,27.32,70.52,48,high
SC03696,18.81,26.85,41,high
SC03697,43.96,95.75,39,medium
SC03698,36.03,43.34,70,high
SC03699,43.2,38.12,45,high
SC03700,25.17,30.33,21,medium
SC03701,34.51,95.68,81,low
SC03702,36.32,76.95,20,low
SC03703,26.57,79.33,50,low
SC03704,40.9,59.95,13,medium
SC03705,43.57,57.98,73,medium
SC03706,41.89,28.8,96,medium
SC03707,37.95,64.79,8,medium
SC03708,25.49,39.75,17,high
SC03709,25.6,98.17,12,low
SC03710,44.01,83.73,16,high
SC03711,18.28,53.04,86,low
SC03712,37.33,32.11,24,medium
SC03713,37.07,82.83,53,medium
SC03714,34.81,29.76,15,high
SC03715,44.73,35.15,23,medium
SC03716,26.42,36.92,94,low
SC03717,27.18,64.55,74,medium
SC03718,20.13,82.96,22,low
SC03719,29.96,45.15,40,medium
SC03720,25.05,26.77,85,medium
SC03721,27.27,57.16,32,medium
SC03722,40.53,79.85,41,high
SC03723,43.26,37.73,47,high
SC03724,23.01,37.59,17,medium
SC03725,28.06,95.78,62,low
SC03726,43.07,96.33,77,high
SC03727,19.67,99.24,91,medium
SC03728,20.49,84.61,10,medium
SC03729,22.4,35.05,23,medium
SC03730,34.07,36.96,60,medium
SC03731,22.06,47.22,63,high
SC03732,44.14,45.45,35,high
SC03733,30.06,96.52,82,high
SC03734,31.54,83.13,76,high
SC03735,24.66,77.92,96,high
SC03736,30.72,34.88,52,low
SC03737,35.87,92.76,82,high
SC03738,38.28,86.23,46,low
SC03739,38.35,33.09,51,high
SC03740,33.6,89.69,95,low
SC03741,42.42,41.78,78,medium
SC03742,40.07,26.47,56,low
SC03743,38.44,72.55,74,medium
SC03744,19.5,72.3,22,medium
SC03745,18.19,27.59,58,low
SC03746,23.74,45.51,68,high
SC03747,35.92,99.43,55,high
SC03748,29.1,74.27,85,high
SC03749,28.86,78.41,41,high
SC03750,41.88,37.03,17,high
SC03751,42.18,26.3,70,high
SC03752,42.55,42.15,32,medium
SC03753,26.47,39.91,2,medium
SC03754,36.66,38.76,27,high
SC03755,25.33,35.42,0,low
SC03756,23.15,65.98,62,low
SC03757,22.99,46.25,46,high
SC03758,27.24,85.63,36,low
SC03759,29.61,34.72,85,medium
SC03760,40.44,57.17,47,low
SC03761,21.24,21.09,18,high
SC03762,37.84,58.53,13,high
SC03763,32.35,24.47,66,low
SC03764,25.77,98.22,82,low
SC03765,31.31,83.25,96,low
SC03766,26.1,59.21,84,medium
SC03767,34.09,26.93,64,medium
SC03768,29.71,67.4,25,medium
SC03769,22.44,80.7,9,low
SC03770,21.15,35.26,98,medium
SC03771,32.76,65.46,76,low
SC03772,42.37,85.14,69,medium
SC03773,27.29,81.46,42,low
SC03774,37.79,84.24,69,medium
SC03775,35.78,90.35,98,medium
SC03776,43.15,95.01,79,low
SC03777,40.17,52.44,71,low
SC03778,33.3,65.5,58,medium
SC03779,35.74,83.25,2,medium
SC03780,42.26,75.77,4,high
SC03781,28.79,99.64,84,low
SC03782,26.82,21.09,94,low
SC03783,18.29,48.41,77,low
SC03784,40.32,42.48,100,low
SC03785,39.63,40.99,82,low
SC03786,20.82,37.8,36,low
SC03787,33.58,76.73,83,medium
SC03788,30.53,26.78,51,medium
SC03789,21.21,79.33,65,high
SC03790,44.48,75.47,62,medium
SC03791,23.8,40.06,6,medium
SC03792,19.82,40.23,96,high
SC03793,34.06,70.31,52,medium
SC03794,37.95,80.97,5,high
SC03795,18.88,90.12,6,high
SC03796,35.79,88.17,43,high
SC03797,32.37,97.19,17,medium
SC03798,20.79,66.51,53,medium
SC03799,22.66,92.69,28,high
SC03800,33.34,84.68,82,low
SC03801,26.0,91.57,24,high
SC03802,43.33,20.93,62,medium
SC03803,40.11,97.27,67,high
SC03804,44.56,57.88,12,low
SC03805,25.01,83.85,31,low
SC03806,44.18,30.18,26,medium
SC03807,29.64,51.68,50,medium
SC03808,27.38,41.72,33,low
SC03809,19.36,43.33,27,medium
SC03810,19.42,29.86,72,low
SC03811,36.68,84.46,71,medium
SC03812,30.36,20.74,84,medium
SC03813,24.12,45.0,29,low
SC03814,34.58,33.95,92,medium
SC03815,24.83,67.12,8,low
SC03816,33.6,40.34,12,medium
SC03817,27.7,40.72,81,low
SC03818,40.24,59.07,63,high
SC03819,40.16,72.22,37,low
SC03820,30.89,29.7,21,medium
SC03821,27.47,34.04,30,medium
SC03822,27.79,39.77,98,low
SC03823,39.75,97.9,41,low
SC03824,26.86,51.77,61,low
SC03825,23.64,67.92,63,low
SC03826,20.29,39.32,73,medium
SC03827,30.6,59.24,8,medium
SC03828,31.02,25.93,94,low
SC03829,40.7,22.78,43,medium
SC03830,23.97,57.5,62,high
SC03831,28.29,51.89,39,high
SC03832,39.83,30.95,87,low
SC03833,40.24,75.01,40,low
SC03834,28.38,99.43,71,medium
SC03835,30.4,51.65,49,low
SC03836,26.19,69.96,19,low
SC03837,43.18,97.04,80,low
SC03838,21.2,86.52,91,low
SC03839,43.21,57.08,69,medium
SC03840,36.46,79.0,41,medium
SC03841,32.35,30.25,32,low
SC03842,18.88,60.97,91,medium
SC03843,30.84,42.32,62,medium
SC03844,29.01,32.89,56,medium
SC03845,22.35,54.1,64,high
SC03846,35.72,30.48,51,high
SC03847,44.22,75.92,98,medium
SC03848,33.18,56.5,87,high
SC03849,37.3,62.49,5,low
SC03850,19.85,31.71,6,medium
SC03851,29.28,31.18,8,medium
SC03852,21.14,66.67,100,medium
SC03853,34.55,98.8,60,low
SC03854,43.34,27.7,79,low
SC03855,35.87,42.86,33,medium
SC03856,20.07,89.56,34,medium
SC03857,27.58,25.78,98,high
SC03858,32.87,90.07,19,low
SC03859,28.89,61.94,57,high
SC03860,40.51,52.66,86,low
SC03861,40.0,44.77,59,high
SC03862,34.52,43.77,53,high
SC03863,28.08,44.46,34,low
SC03864,24.89,90.78,46,low
SC03865,20.86,77.9,45,low
SC03866,27.58,73.58,86,high
SC03867,29.16,83.9,3,medium
SC03868,36.25,40.57,9,medium
SC03869,35.77,69.44,74,low
SC03870,19.89,56.81,39,high
SC03871,28.67,82.6,54,low
SC03872,22.91,44.74,72,low
SC03873,22.23,71.45,39,low
SC03874,40.34,90.58,75,medium
SC03875,19.13,52.17,80,low
SC03876,29.32,25.33,95,medium
SC03877,22.54,61.28,22,low
SC03878,41.74,47.68,14,medium
SC03879,33.04,73.78,91,medium
SC03880,24.25,96.08,4,low
SC03881,31.57,58.85,39,low
SC03882,37.75,57.3,17,high
SC03883,43.87,72.37,20,low
SC03884,23.95,28.28,78,low
SC03885,41.93,40.28,2,medium
SC03886,43.23,93.52,45,low
SC03887,42.74,73.6,89,medium
SC03888,35.16,21.08,78,low
SC03889,35.01,36.37,52,low
SC03890,28.89,74.63,19,high
SC03891,38.31,81.15,58,low
SC03892,32.34,87.19,20,medium
SC03893,36.29,43.37,89,high
SC03894,29.57,94.48,86,low
SC03895,37.75,64.24,50,medium
SC03896,40.26,75.72,24,high
SC03897,21.95,67.74,67,medium
SC03898,40.49,29.82,9,low
SC03899,32.59,97.05,85,medium
SC03900,40.81,29.83,66,low
SC03901,29.65,40.39,82,low
SC03902,28.23,85.09,94,high
SC03903,42.71,69.49,8,low
SC03904,24.78,87.05,28,low
SC03905,40.79,61.26,36,medium
SC03906,31.07,50.16,70,high
SC03907,31.88,93.75,37,low
SC03908,26.33,22.9,87,low
SC03909,33.47,88.49,71,medium
SC03910,26.78,38.47,97,medium
SC03911,19.06,87.9,58,medium
SC03912,25.34,31.14,56,high
SC03913,18.17,66.42,89,low
SC03914,44.42,91.05,59,low
SC03915,44.08,57.88,27,low
SC03916,28.67,79.73,27,medium
SC03917,37.67,84.37,45,low
SC03918,27.34,78.92,70,high
SC03919,36.12,94.03,66,high
SC03920,39.75,55.75,85,low
SC03921,43.56,33.85,54,high
SC03922,28.81,23.82,37,low
SC03923,39.15,39.72,17,medium
SC03924,25.18,31.46,75,high
SC03925,44.74,64.64,94,medium
SC03926,18.7,34.8,62,high
SC03927,34.3,23.11,4,medium
SC03928,35.81,22.88,43,high
SC03929,36.58,86.53,28,high
SC03930,21.25,67.32,99,low
SC03931,43.34,48.65,13,high
SC03932,22.89,91.54,57,high
SC03933,34.81,25.62,43,medium
SC03934,24.01,98.43,17,medium
SC03935,26.29,69.3,6,high
SC03936,32.75,34.68,86,high
SC03937,29.26,74.33,96,low
SC03938,22.33,81.07,61,medium
SC03939,22.62,54.35,44,high
SC03940,29.29,88.93,15,low
SC03941,38.45,32.06,63,high
SC03942,42.25,42.31,36,medium
SC03943,20.27,27.48,24,low
SC03944,28.61,36.87,8,low
SC03945,20.71,39.1,54,high
SC03946,18.45,93.41,27,low
SC03947,35.87,26.25,8,medium
SC03948,34.27,54.19,11,medium
SC03949,22.4,62.59,17,medium
SC03950,24.31,91.9,90,low
SC03951,18.64,99.82,89,medium
SC03952,40.54,80.27,55,medium
SC03953,44.32,97.66,89,low
SC03954,21.66,82.97,73,medium
SC03955,24.25,97.06,57,medium
SC03956,41.45,76.58,80,low
SC03957,43.01,26.38,50,high
SC03958,29.33,52.15,31,medium
SC03959,19.37,71.73,87,low
SC03960,19.06,48.06,47,low
SC03961,33.5,41.87,7,medium
SC03962,28.61,66.19,29,low
SC03963,18.77,94.68,25,low
SC03964,33.75,22.8,23,low
SC03965,18.31,81.54,26,medium
SC03966,39.26,77.82,78,low
SC03967,26.27,97.12,91,high
SC03968,19.09,94.46,74,medium
SC03969,33.89,80.98,38,high
SC03970,28.74,61.63,65,medium
SC03971,44.29,36.34,50,medium
SC03972,32.69,63.62,72,high
SC03973,25.43,81.23,49,medium
SC03974,37.15,91.65,44,medium
SC03975,25.33,83.18,86,medium
SC03976,42.41,35.62,32,high
SC03977,28.12,67.97,18,medium
SC03978,32.85,46.57,12,medium
SC03979,19.37,20.74,77,low
SC03980,29.51,36.02,95,medium
SC03981,40.47,29.06,21,low
SC03982,39.75,87.42,19,high
SC03983,24.06,40.68,96,medium
SC03984,24.1,42.78,4,low
SC03985,40.07,96.79,83,low
SC03986,43.12,50.33,77,low
SC03987,20.57,20.77,90,low
SC03988,30.15,42.71,89,high
SC03989,27.11,29.54,31,high
SC03990,41.51,28.22,29,high
SC03991,20.26,26.2,90,high
SC03992,23.7,67.46,25,medium
SC03993,38.32,35.15,81,high
SC03994,19.38,48.9,86,high
SC03995,31.3,88.96,87,high
SC03996,29.94,53.95,3,high
SC03997,27.03,93.26,66,medium
SC03998,28.65,59.84,42,low
SC03999,32.31,51.91,29,medium
SC04000,22.36,80.03,15,medium
SC04001,33.44,25.85,70,medium
SC04002,39.75,27.16,38,high
SC04003,38.52,72.16,85,high
SC04004,22.16,58.96,40,medium
SC04005,22.03,83.23,30,low
SC04006,25.24,93.3,48,medium
SC04007,27.75,51.07,12,low
SC04008,29.03,67.71,40,low
SC04009,36.35,60.06,92,medium
SC04010,19.53,98.53,27,low
SC04011,18.94,86.49,63,low
SC04012,28.58,92.94,18,medium
SC04013,36.82,40.35,86,high
SC04014,23.22,81.8,71,low
SC04015,35.32,41.24,24,high
SC04016,25.02,36.7,37,medium
SC04017,41.92,95.54,98,low
SC04018,42.18,21.54,89,medium
SC04019,26.03,97.23,2,high
SC04020,24.21,31.94,1,medium
SC04021,29.11,85.56,4,medium
SC04022,24.49,42.07,60,high
SC04023,36.15,48.06,19,high
SC04024,40.3,37.34,75,low
SC04025,36.17,66.84,37,high
SC04026,40.26,47.85,79,high
SC04027,28.72,72.59,100,high
SC04028,22.22,21.25,35,high
SC04029,37.92,25.15,45,medium
SC04030,27.73,27.97,92,low
SC04031,36.12,53.52,98,medium
SC04032,25.31,85.18,36,medium
SC04033,20.19,91.05,53,high
SC04034,44.8,39.58,20,high
SC04035,22.22,65.95,20,high
SC04036,44.69,81.47,91,high
SC04037,44.39,43.11,69,low
SC04038,39.43,52.72,83,high
SC04039,35.8,61.92,59,low
SC04040,33.6,30.79,35,low
SC04041,41.38,22.08,76,medium
SC04042,25.81,32.22,10,medium
SC04043,30.63,70.15,87,high
SC04044,34.72,25.89,82,medium
SC04045,29.1,35.18,86,high
SC04046,29.54,47.03,30,low
SC04047,26.92,26.23,100,high
SC04048,33.23,35.34,36,high
SC04049,40.97,92.9,59,high
SC04050,23.44,21.54,60,medium
SC04051,43.23,72.27,66,high
SC04052,36.61,50.75,97,medium
SC04053,40.23,73.81,28,high
SC04054,33.02,67.1,66,medium
SC04055,39.05,37.88,78,low
SC04056,18.44,87.78,70,low
SC04057,40.1,59.36,66,medium
SC04058,19.08,85.8,15,high
SC04059,42.03,52.48,44,medium
SC04060,44.78,98.77,33,high
SC04061,25.94,81.64,83,medium
SC04062,23.68,97.28,43,high
SC04063,38.66,61.15,96,medium
SC04064,24.83,57.9,77,low
SC04065,41.37,80.44,41,high
SC04066,20.78,90.42,34,high
SC04067,21.4,97.13,74,medium
SC04068,44.44,45.96,83,low
SC04069,36.19,83.9,29,low
SC04070,40.87,36.85,52,medium
SC04071,26.76,63.65,57,medium
SC04072,36.27,34.39,27,medium
SC04073,34.04,47.79,14,medium
SC04074,34.29,94.51,37,medium
SC04075,36.43,31.69,49,low
SC04076,33.53,70.59,12,medium
SC04077,29.58,67.44,34,high
SC04078,25.45,29.66,23,low
SC04079,38.75,46.08,64,low
SC04080,24.11,65.04,87,low
SC04081,36.69,34.97,90,high
SC04082,24.3,84.05,17,medium
SC04083,34.88,97.77,57,medium
SC04084,38.17,37.18,25,medium
SC04085,23.91,34.95,28,high
SC04086,19.62,56.39,71,medium
SC04087,21.54,79.82,43,low
SC04088,34.36,42.53,89,medium
SC04089,40.94,21.59,4,high
SC04090,19.21,63.3,32,medium
SC04091,37.82,96.53,4,low
SC04092,27.22,51.3,35,high
SC04093,30.92,53.61,76,high
SC04094,43.08,97.51,80,high
SC04095,26.96,75.57,12,low
SC04096,30.56,77.53,24,low
SC04097,18.37,65.02,57,medium
SC04098,20.2,97.97,1,high
SC04099,24.98,75.11,87,high
SC04100,18.75,91.6,35,high
SC04101,35.05,75.95,24,high
SC04102,29.51,78.81,33,high
SC04103,32.8,43.23,11,low
SC04104,22.72,44.28,18,low
SC04105,25.99,82.64,93,medium
SC04106,35.92,43.74,36,low
SC04107,44.06,65.02,0,low
SC04108,19.36,39.95,59,high
SC04109,42.04,85.36,66,low
SC04110,33.58,28.84,48,high
SC04111,33.23,86.36,89,high
SC04112,31.51,68.22,78,low
SC04113,19.87,34.95,45,low
SC04114,20.43,63.36,47,low
SC04115,34.22,42.6,91,low
SC04116,27.21,45.88,67,medium
SC04117,42.77,48.12,18,medium
SC04118,28.98,25.07,87,medium
SC04119,21.87,98.88,39,medium
SC04120,37.3,22.52,5,medium
SC04121,25.92,73.0,79,medium
SC04122,32.19,49.7,95,low
SC04123,36.84,71.68,93,low
SC04124,42.31,48.5,62,high
SC04125,39.39,73.9,34,low
SC04126,36.26,78.34,71,high
SC04127,36.35,75.24,60,low
SC04128,43.54,29.12,4,low
SC04129,25.99,72.55,36,medium
SC04130,18.03,42.4,75,high
SC04131,25.34,22.3,88,high
SC04132,23.88,53.19,96,low
SC04133,35.87,54.68,87,high
SC04134,35.11,57.37,10,medium
SC04135,34.02,76.39,98,low
SC04136,18.44,44.71,39,low
SC04137,37.68,45.22,64,medium
SC04138,26.74,24.84,7,medium
SC04139,35.96,74.95,86,low
SC04140,33.03,65.43,83,high
SC04141,27.25,47.95,95,high
SC04142,21.63,76.42,10,high
SC04143,20.55,62.99,70,medium
SC04144,40.45,57.54,57,medium
SC04145,42.8,60.91,93,medium
SC04146,35.54,70.91,47,medium
SC04147,20.79,72.8,12,high
SC04148,28.85,43.12,59,medium
SC04149,37.68,31.26,48,low
SC04150,39.06,32.53,66,low
SC04151,21.19,71.15,6,high
SC04152,18.0,89.83,76,low
SC04153,37.23,52.76,100,high
SC04154,27.63,33.56,24,medium
SC04155,24.87,80.53,22,medium
SC04156,18.35,86.6,50,high
SC04157,32.59,90.45,46,low
SC04158,40.98,68.55,96,medium
SC04159,43.86,88.86,4,low
SC04160,33.28,21.23,95,medium
SC04161,31.89,28.58,93,low
SC04162,20.3,27.41,94,low
SC04163,32.82,77.01,12,high
SC04164,28.26,25.57,41,medium
SC04165,34.39,59.71,4,low
SC04166,28.5,57.82,22,medium
SC04167,24.49,44.86,61,medium
SC04168,20.56,89.63,0,medium
SC04169,26.5,33.63,73,high
SC04170,20.61,48.2,90,high
SC04171,22.78,81.93,53,low
SC04172,44.66,22.43,71,medium
SC04173,29.99,73.84,2,low
SC04174,32.36,85.31,82,low
SC04175,41.59,94.58,63,high
SC04176,44.88,90.1,50,medium
SC04177,33.73,45.55,1,high
SC04178,39.94,66.91,48,low
SC04179,26.83,26.18,30,low
SC04180,26.26,40.63,73,medium
SC04181,28.87,27.54,79,medium
SC04182,36.16,45.21,100,high
SC04183,36.42,90.01,83,medium
SC04184,26.51,47.77,2,medium
SC04185,21.6,64.95,34,medium
SC04186,35.07,54.67,97,high
SC04187,21.46,56.71,84,high
SC04188,33.62,97.57,35,medium
SC04189,36.72,43.69,63,high
SC04190,36.92,70.19,31,medium
SC04191,38.34,53.61,17,high
SC04192,41.57,24.89,33,high
SC04193,31.5,59.15,55,low
SC04194,37.72,85.07,66,medium
SC04195,34.72,27.9,52,high
SC04196,23.04,25.57,66,medium
SC04197,18.69,32.29,90,high
SC04198,25.68,81.15,65,low
SC04199,29.96,77.92,63,medium
SC04200,34.66,65.2,66,high
SC04201,40.95,57.46,80,medium
SC04202,23.3,91.07,38,medium
SC04203,21.39,81.34,37,low
SC04204,44.01,84.96,39,low
SC04205,20.92,85.06,18,medium
SC04206,30.92,71.42,82,high
SC04207,33.81,56.64,4,high
SC04208,32.62,89.17,68,medium
SC04209,20.32,94.08,13,high
SC04210,19.54,21.9,90,high
SC04211,20.85,24.12,48,high
SC04212,33.81,96.7,63,high
SC04213,32.7,42.17,99,medium
SC04214,24.31,89.87,56,medium
SC04215,35.22,51.1,34,low
SC04216,40.14,29.53,84,high
SC04217,19.12,26.44,4,low
SC04218,31.45,32.52,87,low
SC04219,36.61,39.99,38,medium
SC04220,24.81,59.08,23,high
SC04221,26.31,76.12,39,high
SC04222,34.57,98.91,49,medium
SC04223,42.24,55.32,76,high
SC04224,39.87,61.45,57,high
SC04225,33.74,61.75,0,medium
SC04226,37.72,63.15,42,medium
SC04227,27.85,61.42,38,medium
SC04228,35.31,20.7,9,low
SC04229,30.59,20.14,1,high
SC04230,23.13,27.81,62,high
SC04231,36.95,28.12,15,high
SC04232,33.02,76.39,36,medium
SC04233,27.68,36.39,15,high
SC04234,42.61,91.58,86,low
SC04235,18.57,94.29,89,low
SC04236,26.53,98.07,79,low
SC04237,19.54,95.13,26,high
SC04238,38.7,41.75,62,high
SC04239,36.96,60.78,93,medium
SC04240,26.95,34.04,63,medium
SC04241,36.24,84.5,96,low
SC04242,28.69,91.07,31,low
SC04243,38.42,88.1,8,low
SC04244,30.26,54.67,10,medium
SC04245,29.13,80.69,100,high
SC04246,43.24,27.81,69,high
SC04247,24.77,23.22,29,low
SC04248,21.25,80.26,14,low
SC04249,33.78,54.03,58,high
SC04250,44.17,99.64,47,low
SC04251,28.2,27.78,93,medium
SC04252,19.67,88.45,81,low
SC04253,27.16,58.4,75,medium
SC04254,31.66,86.17,59,medium
SC04255,22.37,85.37,67,low
SC04256,35.77,93.28,56,medium
SC04257,44.94,43.83,63,medium
SC04258,30.2,95.98,53,low
SC04259,27.58,32.13,79,high
SC04260,28.82,26.56,86,high
SC04261,21.11,54.53,74,low
SC04262,41.85,86.27,53,low
SC04263,29.2,57.87,58,low
SC04264,28.46,86.34,87,medium
SC04265,35.81,78.37,85,high
SC04266,29.93,36.75,38,low
SC04267,35.5,95.91,14,medium
SC04268,19.66,24.86,78,low
SC04269,39.97,91.86,73,medium
SC04270,43.39,44.36,27,low
SC04271,35.52,60.01,35,high
SC04272,43.77,53.79,53,medium
SC04273,22.09,33.75,16,low
SC04274,30.89,48.65,99,high
SC04275,34.25,35.43,85,low
SC04276,33.71,36.31,86,low
SC04277,28.84,34.96,92,high
SC04278,27.13,59.12,21,low
SC04279,21.42,83.83,74,high
SC04280,28.58,65.52,35,medium
SC04281,22.39,91.46,28,high
SC04282,37.83,70.92,54,high
SC04283,23.64,75.15,41,low
SC04284,19.58,73.41,31,high
SC04285,32.91,55.96,13,low
SC04286,34.07,75.15,17,medium
SC04287,41.54,25.58,37,medium
SC04288,33.58,88.79,100,high
SC04289,27.33,82.22,33,high
SC04290,39.68,39.62,44,high
SC04291,32.59,81.44,86,high
SC04292,20.14,21.01,31,high
SC04293,33.28,37.38,66,medium
SC04294,42.52,25.21,62,high
SC04295,28.7,82.42,54,high
SC04296,26.0,80.47,42,high
SC04297,21.87,85.09,21,high
SC04298,22.09,20.36,86,low
SC04299,29.68,60.1,67,medium
SC04300,34.08,76.39,76,high
SC04301,20.18,32.43,95,low
SC04302,43.37,71.98,28,medium
SC04303,38.39,26.73,39,high
SC04304,33.84,34.51,44,low
SC04305,40.37,58.06,9,high
SC04306,20.17,72.29,76,high
SC04307,30.87,31.67,44,low
SC04308,35.01,34.82,16,high
SC04309,40.37,36.36,1,low
SC04310,39.15,39.1,16,high
SC04311,25.48,38.12,89,medium
SC04312,43.4,51.61,37,high
SC04313,21.36,72.3,36,low
SC04314,41.63,55.04,62,medium
SC04315,44.22,82.08,4,high
SC04316,22.78,77.54,24,low
SC04317,37.5,30.12,72,high
SC04318,19.09,23.91,91,high
SC04319,28.95,90.24,21,medium
SC04320,31.94,26.39,92,high
SC04321,33.68,31.87,62,medium
SC04322,43.27,21.77,34,medium
SC04323,36.15,70.27,54,low
SC04324,30.99,66.59,19,medium
SC04325,39.86,98.95,4,medium
SC04326,43.66,90.95,38,medium
SC04327,18.6,52.87,62,low
SC04328,44.53,49.73,31,low
SC04329,20.33,43.75,62,high
SC04330,39.99,32.19,73,low
SC04331,25.57,31.05,39,medium
SC04332,21.57,30.58,16,low
SC04333,29.88,29.13,100,medium
SC04334,35.39,39.24,78,high
SC04335,28.29,44.53,72,high
SC04336,19.47,96.93,31,low
SC04337,34.19,66.28,22,medium
SC04338,42.36,99.01,74,high
SC04339,28.35,49.8,59,high
SC04340,23.84,56.61,76,low
SC04341,29.95,45.97,81,high
SC04342,19.31,34.63,55,low
SC04343,40.15,31.45,8,medium
SC04344,40.31,95.61,68,low
SC04345,33.88,98.94,61,high
SC04346,27.53,23.59,63,high
SC04347,39.59,32.03,21,low
SC04348,32.98,53.88,31,medium
SC04349,40.3,34.91,46,low
SC04350,35.05,49.11,1,low
SC04351,39.18,30.33,84,medium
SC04352,34.16,56.52,91,medium
SC04353,29.18,41.74,51,low
SC04354,43.86,48.15,87,medium
SC04355,32.61,27.55,87,medium
SC04356,34.34,54.25,13,medium
SC04357,23.95,98.66,36,low
SC04358,34.89,46.31,26,low
SC04359,33.43,90.11,23,low
SC04360,22.99,87.46,63,medium
SC04361,19.61,96.16,69,medium
SC04362,34.32,83.21,25,high
SC04363,38.62,72.77,53,low
SC04364,32.13,88.53,14,medium
SC04365,24.12,26.05,28,low
SC04366,36.0,57.03,99,low
SC04367,20.16,99.14,73,medium
SC04368,29.93,81.57,27,high
SC04369,22.41,96.97,58,high
SC04370,22.98,82.37,72,high
SC04371,23.46,89.99,20,low
SC04372,28.44,76.52,9,medium
SC04373,19.38,80.84,3,high
SC04374,28.74,61.85,61,medium
SC04375,31.82,93.94,3,high
SC04376,31.05,86.0,5,low
SC04377,28.34,87.51,89,high
SC04378,40.66,73.84,79,low
SC04379,21.92,44.37,71,medium
SC04380,31.65,22.85,91,medium
SC04381,19.68,94.85,15,low
SC04382,19.92,66.89,37,high
SC04383,33.49,43.85,48,low
SC04384,33.28,31.93,60,low
SC04385,41.71,86.36,64,high
SC04386,33.06,86.92,82,low
SC04387,43.91,85.16,49,medium
SC04388,19.31,71.61,16,high
SC04389,20.65,49.28,27,high
SC04390,19.19,44.33,43,high
SC04391,23.0,20.68,11,high
SC04392,32.61,86.69,69,high
SC04393,35.43,26.99,70,high
SC04394,19.23,70.46,71,medium
SC04395,43.54,60.33,2,low
SC04396,40.74,62.14,48,high
SC04397,26.01,94.14,20,low
SC04398,20.08,22.53,7,low
SC04399,22.59,81.87,63,high
SC04400,21.43,24.16,91,high
SC04401,21.33,23.05,58,medium
SC04402,32.0,54.39,29,low
SC04403,24.64,25.05,31,medium
SC04404,27.67,83.13,74,medium
SC04405,44.72,62.37,19,medium
SC04406,36.48,22.32,15,medium
SC04407,43.62,23.24,24,low
SC04408,21.85,69.01,59,medium
SC04409,28.32,84.49,44,high
SC04410,32.98,55.02,8,high
SC04411,20.07,64.37,50,low
SC04412,18.11,83.99,60,medium
SC04413,36.1,68.84,39,low
SC04414,35.33,37.98,60,high
SC04415,29.09,69.04,66,low
SC04416,31.22,70.26,79,high
SC04417,29.22,78.73,75,high
SC04418,18.65,69.67,14,medium
SC04419,27.06,97.54,52,low
SC04420,22.78,35.78,3,high
SC04421,20.66,96.09,22,low
SC04422,43.83,63.07,26,low
SC04423,34.18,73.76,36,low
SC04424,37.67,27.96,76,medium
SC04425,26.51,50.45,42,low
SC04426,28.61,81.55,36,high
SC04427,24.4,76.55,84,low
SC04428,20.62,23.21,28,high
SC04429,22.83,63.73,28,low
SC04430,39.53,27.06,48,medium
SC04431,36.29,99.67,74,low
SC04432,32.77,91.78,50,high
SC04433,30.83,21.69,49,low
SC04434,42.91,88.69,27,high
SC04435,19.96,93.55,73,low
SC04436,25.58,48.28,4,high
SC04437,27.45,77.56,55,low
SC04438,39.13,55.37,63,low
SC04439,44.8,72.42,88,medium
SC04440,24.5,47.23,96,low
SC04441,41.61,45.8,16,medium
SC04442,40.43,53.95,96,low
SC04443,24.07,31.65,88,high
SC04444,28.78,86.49,96,medium
SC04445,29.06,47.9,54,low
SC04446,44.41,52.01,8,high
SC04447,22.88,91.52,90,low
SC04448,39.58,59.73,88,medium
SC04449,27.02,63.54,67,medium
SC04450,37.73,96.52,72,high
SC04451,29.34,90.94,78,low
SC04452,33.62,33.56,15,medium
SC04453,40.48,57.86,15,medium
SC04454,39.71,97.7,12,medium
SC04455,41.39,49.79,77,medium
SC04456,19.61,49.73,85,low
SC04457,36.69,35.6,84,medium
SC04458,21.78,29.15,72,medium
SC04459,29.23,79.22,62,medium
SC04460,32.81,81.6,40,low
SC04461,28.87,97.52,52,low
SC04462,32.03,81.87,67,medium
SC04463,44.91,39.47,73,medium
SC04464,21.65,23.21,98,low
SC04465,36.24,98.83,8,medium
SC04466,28.69,47.24,50,medium
SC04467,21.59,44.96,47,low
SC04468,22.29,92.48,79,high
SC04469,43.63,66.81,48,high
SC04470,41.75,37.19,17,low
SC04471,42.49,91.13,9,low
SC04472,44.77,99.47,84,medium
SC04473,23.62,26.93,53,low
SC04474,27.6,88.98,78,high
SC04475,36.07,51.24,14,low
SC04476,31.06,61.93,10,low
SC04477,29.3,93.19,39,low
SC04478,27.66,97.87,46,low
SC04479,34.03,40.97,100,low
SC04480,33.54,37.03,19,low
SC04481,22.36,26.44,97,low
SC04482,30.74,64.94,21,medium
SC04483,32.94,21.09,47,low
SC04484,33.4,52.95,81,high
SC04485,23.67,25.87,15,low
SC04486,38.04,52.42,4,low
SC04487,18.68,23.19,64,low
SC04488,27.58,86.82,82,high
SC04489,39.07,36.78,73,medium
SC04490,33.23,46.26,20,low
SC04491,25.05,89.6,60,low
SC04492,36.76,79.7,76,high
SC04493,33.32,37.52,54,high
SC04494,39.5,25.75,23,low
SC04495,37.85,77.25,22,medium
SC04496,34.47,51.26,86,medium
SC04497,31.18,81.29,10,low
SC04498,21.6,55.62,46,high
SC04499,25.06,47.68,1,high
SC04500,29.32,56.1,69,medium
SC04501,34.18,79.88,52,high
SC04502,31.87,92.18,10,medium
SC04503,25.78,23.98,14,low
SC04504,18.17,61.93,72,low
SC04505,31.4,22.63,11,medium
SC04506,25.71,57.47,35,low
SC04507,37.83,90.82,91,medium
SC04508,18.65,48.93,22,low
SC04509,33.79,94.6,26,low
SC04510,43.42,70.45,87,high
SC04511,22.71,94.73,13,high
SC04512,30.73,80.57,53,medium
SC04513,20.47,28.27,98,medium
SC04514,34.89,38.49,26,high
SC04515,32.86,51.53,20,medium
SC04516,29.0,33.61,48,low
SC04517,32.08,59.59,61,medium
SC04518,42.21,57.71,76,medium
SC04519,23.3,96.5,71,medium
SC04520,18.61,54.7,43,low
SC04521,41.26,82.85,43,high
SC04522,33.58,95.35,97,low
SC04523,42.05,90.16,60,low
SC04524,34.12,36.69,41,low
SC04525,39.87,59.68,22,low
SC04526,29.6,47.82,72,high
SC04527,38.25,51.99,0,medium
SC04528,42.65,48.86,35,high
SC04529,33.45,86.11,54,medium
SC04530,22.88,56.17,15,medium
SC04531,25.26,61.9,88,medium
SC04532,23.36,98.6,17,medium
SC04533,24.67,24.8,97,medium
SC04534,26.27,59.04,37,medium
SC04535,32.99,81.92,66,high
SC04536,33.88,32.09,19,high
SC04537,29.52,68.92,18,low
SC04538,34.62,39.16,12,low
SC04539,20.2,89.39,16,medium
SC04540,20.37,46.17,77,low
SC04541,22.64,46.33,29,low
SC04542,31.99,67.86,85,low
SC04543,23.78,34.69,42,medium
SC04544,25.65,42.79,47,medium
SC04545,28.81,53.33,42,medium
SC04546,39.92,48.29,92,high
SC04547,18.37,61.99,65,medium
SC04548,35.53,67.97,52,low
SC04549,36.06,65.33,71,medium
SC04550,39.56,72.33,77,low
SC04551,43.18,44.62,33,high
SC04552,18.54,30.11,76,low
SC04553,22.15,80.86,73,high
SC04554,41.93,88.06,71,medium
SC04555,30.38,40.56,70,high
SC04556,33.24,52.57,12,medium
SC04557,35.9,59.89,89,high
SC04558,36.33,62.67,55,medium
SC04559,43.16,72.76,58,medium
SC04560,44.92,23.33,31,medium
SC04561,37.44,77.72,82,high
SC04562,25.75,24.96,78,high
SC04563,41.75,57.46,53,low
SC04564,19.33,86.21,1,low
SC04565,24.24,56.1,36,low
SC04566,42.23,31.93,82,medium
SC04567,24.92,98.8,96,high
SC04568,23.96,91.14,32,low
SC04569,21.73,81.71,0,medium
SC04570,41.2,52.92,27,medium
SC04571,31.5,34.71,16,high
SC04572,36.22,95.31,56,medium
SC04573,24.45,62.59,69,low
SC04574,38.47,88.19,51,high
SC04575,38.52,47.37,43,low
SC04576,26.44,46.82,83,high
SC04577,29.09,98.84,46,low
SC04578,23.66,61.75,12,low
SC04579,44.37,31.26,75,high
SC04580,35.43,37.57,29,high
SC04581,43.23,58.56,84,medium
SC04582,26.19,23.4,65,medium
SC04583,39.11,57.0,52,medium
SC04584,38.68,53.52,17,low
SC04585,36.67,82.35,27,high
SC04586,44.07,48.4,3,high
SC04587,28.63,98.6,41,high
SC04588,21.53,34.46,5,medium
SC04589,36.14,67.28,8,medium
SC04590,37.69,27.18,19,medium
SC04591,33.53,78.71,93,low
SC04592,23.58,99.58,100,medium
SC04593,31.62,85.53,37,high
SC04594,26.43,64.46,67,low
SC04595,29.54,58.78,49,low
SC04596,35.42,86.8,59,medium
SC04597,38.12,94.88,12,low
SC04598,24.27,99.14,98,high
SC04599,28.94,51.72,93,low
SC04600,25.27,99.27,41,high
SC04601,23.36,32.47,67,medium
SC04602,39.15,40.28,24,low
SC04603,42.55,27.12,30,high
SC04604,28.0,41.74,11,medium
SC04605,38.28,81.44,63,low
SC04606,42.22,88.23,78,low
SC04607,40.85,82.31,60,medium
SC04608,22.94,70.49,52,low
SC04609,43.82,61.12,25,medium
SC04610,28.17,76.7,60,medium
SC04611,27.16,51.27,9,medium
SC04612,19.69,87.3,11,low
SC04613,31.13,74.18,21,medium
SC04614,20.94,75.82,52,low
SC04615,24.71,62.87,20,medium
SC04616,26.56,90.82,34,medium
SC04617,39.84,40.16,70,low
SC04618,41.64,50.49,81,low
SC04619,26.17,82.21,26,low
SC04620,41.18,59.42,59,medium
SC04621,41.15,91.14,98,medium
SC04622,38.65,47.71,46,medium
SC04623,21.96,49.55,65,high
SC04624,36.64,91.1,95,medium
SC04625,43.52,57.15,14,high
SC04626,36.43,61.29,23,low
SC04627,26.95,46.62,83,low
SC04628,31.52,42.13,9,low
SC04629,35.43,72.48,87,medium
SC04630,31.79,29.59,23,low
SC04631,21.24,90.34,87,medium
SC04632,26.43,82.34,56,medium
SC04633,39.66,35.26,33,low
SC04634,41.26,75.52,40,medium
SC04635,21.71,68.21,39,low
SC04636,43.71,34.76,10,medium
SC04637,26.88,41.86,89,high
SC04638,35.88,52.72,0,high
SC04639,38.3,75.94,29,low
SC04640,39.92,71.1,42,low
SC04641,43.54,62.58,81,medium
SC04642,26.45,81.47,25,low
SC04643,41.18,80.64,52,high
SC04644,21.56,69.43,46,low
SC04645,37.04,82.96,8,high
SC04646,38.03,46.74,8,high
SC04647,36.3,90.5,0,medium
SC04648,24.81,69.19,70,low
SC04649,41.57,85.79,43,high
SC04650,22.56,63.7,58,low
SC04651,19.45,37.48,55,medium
SC04652,37.37,63.39,50,low
SC04653,30.84,49.69,15,medium
SC04654,40.93,75.8,37,low
SC04655,28.35,58.06,10,low
SC04656,22.54,86.89,24,medium
SC04657,40.58,74.25,92,high
SC04658,32.82,74.76,82,low
SC04659,23.11,37.37,81,medium
SC04660,37.45,98.74,58,medium
SC04661,31.8,87.33,28,low
SC04662,34.32,83.12,79,medium
SC04663,30.44,46.42,39,high
SC04664,40.38,62.85,7,low
SC04665,40.4,30.97,97,high
SC04666,37.15,63.08,5,high
SC04667,20.85,31.67,44,low
SC04668,40.65,64.24,52,medium
SC04669,36.12,71.9,93,medium
SC04670,36.82,51.22,97,medium
SC04671,27.8,59.88,20,medium
SC04672,41.74,90.05,56,low
SC04673,37.59,28.69,75,high
SC04674,21.04,83.34,5,medium
SC04675,29.01,33.66,62,high
SC04676,41.93,22.94,5,low
SC04677,19.27,34.85,52,high
SC04678,43.96,81.2,3,medium
SC04679,36.34,52.41,8,high
SC04680,35.05,89.8,68,medium
SC04681,25.31,61.98,73,medium
SC04682,24.72,21.78,71,low
SC04683,43.44,77.34,86,high
SC04684,26.05,28.82,3,medium
SC04685,38.94,83.15,57,high
SC04686,28.61,33.45,36,medium
SC04687,21.76,47.64,70,medium
SC04688,18.29,80.9,5,medium
SC04689,32.69,96.34,50,medium
SC04690,44.35,49.71,78,high
SC04691,27.97,86.35,98,low
SC04692,27.64,35.26,49,medium
SC04693,27.29,84.57,95,medium
SC04694,32.05,72.6,13,low
SC04695,29.9,35.42,98,medium
SC04696,41.76,44.2,10,medium
SC04697,31.65,30.54,9,low
SC04698,31.71,50.64,60,low
SC04699,21.74,36.29,80,high
SC04700,44.53,71.52,12,low
SC04701,24.75,99.56,33,low
SC04702,19.98,20.96,59,medium
SC04703,35.9,63.27,50,low
SC04704,34.07,65.89,4,medium
SC04705,29.21,93.14,73,low
SC04706,29.4,60.48,31,high
SC04707,39.2,63.5,11,low
SC04708,23.28,57.73,51,low
SC04709,40.15,41.51,12,medium
SC04710,35.52,24.48,84,low
SC04711,29.31,52.69,53,high
SC04712,30.37,24.21,96,medium
SC04713,24.93,64.04,53,high
SC04714,38.31,44.58,40,medium
SC04715,31.85,62.69,47,high
SC04716,26.66,30.74,50,medium
SC04717,34.09,94.61,46,low
SC04718,44.88,91.56,49,low
SC04719,29.75,35.2,95,high
SC04720,42.86,47.48,75,high
SC04721,27.32,69.08,45,low
SC04722,19.48,27.65,98,high
SC04723,23.51,48.37,99,high
SC04724,29.3,40.09,37,medium
SC04725,23.93,93.24,91,medium
SC04726,18.01,88.2,12,low
SC04727,42.71,66.39,75,high
SC04728,40.78,61.63,21,medium
SC04729,38.04,94.46,1,medium
SC04730,22.53,94.59,92,high
SC04731,21.25,97.55,76,low
SC04732,19.83,30.03,98,high
SC04733,37.55,32.84,12,low
SC04734,43.08,74.14,56,high
SC04735,29.62,63.31,33,medium
SC04736,21.22,21.48,18,medium
SC04737,31.83,24.96,8,medium
SC04738,27.42,91.05,94,high
SC04739,28.12,89.51,32,low
SC04740,34.78,48.58,26,low
SC04741,37.41,91.28,44,low
SC04742,20.99,67.49,1,high
SC04743,18.96,84.47,78,medium
SC04744,44.85,54.19,82,medium
SC04745,24.28,29.07,56,high
SC04746,19.45,54.7,94,high
SC04747,23.13,56.58,56,low
SC04748,19.05,64.08,15,medium
SC04749,28.58,28.45,78,low
SC04750,39.66,99.31,5,high
SC04751,27.21,39.53,13,high
SC04752,29.99,35.88,26,high
SC04753,36.24,62.14,37,high
SC04754,31.74,62.98,18,medium
SC04755,41.26,55.19,36,medium
SC04756,41.38,81.75,3,medium
SC04757,18.27,61.33,57,low
SC04758,39.01,68.78,89,high
SC04759,30.44,77.9,8,medium
SC04760,44.7,22.0,39,high
SC04761,31.05,65.65,14,high
SC04762,44.65,90.74,100,high
SC04763,38.37,21.39,3,medium
SC04764,24.71,52.41,89,low
SC04765,32.54,94.1,51,low
SC04766,44.79,48.25,17,medium
SC04767,41.15,56.7,52,low
SC04768,20.63,98.52,58,low
SC04769,37.07,35.95,98,medium
SC04770,27.33,25.22,53,high
SC04771,18.19,88.75,40,high
SC04772,28.89,89.48,59,low
SC04773,24.34,57.77,92,high
SC04774,40.11,61.14,87,medium
SC04775,27.11,86.86,3,high
SC04776,40.34,79.08,84,low
SC04777,18.02,41.21,38,high
SC04778,26.31,21.35,6,high
SC04779,24.51,58.38,22,medium
SC04780,24.31,88.71,84,medium
SC04781,19.84,91.67,62,high
SC04782,23.05,96.5,64,high
SC04783,33.0,90.37,40,high
SC04784,25.87,66.4,88,low
SC04785,29.27,55.57,94,medium
SC04786,28.18,81.99,43,low
SC04787,41.65,79.19,44,high
SC04788,42.44,63.05,68,high
SC04789,31.31,26.99,94,low
SC04790,26.91,94.09,50,high
SC04791,20.88,56.45,64,medium
SC04792,43.74,49.07,53,low
SC04793,19.63,70.37,55,medium
SC04794,26.04,73.91,93,low
SC04795,26.05,36.86,81,medium
SC04796,26.65,86.96,71,low
SC04797,22.44,43.19,89,medium
SC04798,39.15,34.93,39,high
SC04799,21.31,52.51,57,medium
SC04800,35.14,78.44,14,low
SC04801,21.34,97.24,18,medium
SC04802,19.9,84.74,9,medium
SC04803,42.55,95.23,87,high
SC04804,23.13,31.25,15,medium
SC04805,40.17,25.69,42,low
SC04806,32.71,64.62,30,medium
SC04807,20.1,43.22,15,high
SC04808,43.8,86.24,79,low
SC04809,24.67,73.76,27,medium
SC04810,41.21,97.66,61,high
SC04811,22.56,40.38,19,low
SC04812,41.06,58.86,34,low
SC04813,18.36,60.1,58,medium
SC04814,31.82,39.13,8,high
SC04815,38.77,67.21,9,high
SC04816,43.24,55.46,44,medium
SC04817,42.55,55.74,81,medium
SC04818,40.13,49.02,14,medium
SC04819,41.98,21.35,29,high
SC04820,23.38,61.77,47,medium
SC04821,25.67,46.82,95,low
SC04822,25.8,20.11,39,low
SC04823,28.18,44.64,90,high
SC04824,28.62,42.29,90,medium
SC04825,32.7,51.48,82,low
SC04826,22.32,30.55,73,low
SC04827,36.66,60.61,43,high
SC04828,22.52,75.4,45,high
SC04829,26.38,70.41,5,low
SC04830,31.59,84.3,23,medium
SC04831,39.5,56.16,72,low
SC04832,37.97,61.53,90,low
SC04833,35.43,84.83,6,medium
SC04834,22.21,54.22,5,low
SC04835,32.77,76.13,32,high
SC04836,20.36,54.77,84,medium
SC04837,28.19,53.42,37,high
SC04838,29.16,80.82,43,high
SC04839,19.07,33.99,16,low
SC04840,25.4,47.09,30,low
SC04841,43.8,37.93,36,high
SC04842,43.75,48.73,10,high
SC04843,27.51,38.43,91,medium
SC04844,19.16,66.35,4,low
SC04845,22.84,83.85,63,high
SC04846,28.59,82.93,75,low
SC04847,43.59,49.16,2,low
SC04848,21.81,99.1,55,high
SC04849,38.61,67.51,62,high
SC04850,20.93,51.95,37,medium
SC04851,44.49,86.84,53,low
SC04852,28.3,78.39,1,medium
SC04853,38.93,79.94,89,medium
SC04854,27.25,35.69,1,high
SC04855,34.95,57.47,11,medium
SC04856,23.18,88.95,39,high
SC04857,21.94,60.32,1,low
SC04858,43.33,74.68,79,low
SC04859,42.78,67.03,93,low
SC04860,41.96,87.39,56,medium
SC04861,34.89,42.76,46,high
SC04862,39.82,66.04,35,high
SC04863,19.86,29.86,3,low
SC04864,27.04,75.22,74,high
SC04865,26.47,78.56,23,low
SC04866,35.16,23.43,81,low
SC04867,27.61,74.06,90,medium
SC04868,22.01,53.18,100,low
SC04869,34.1,29.93,61,medium
SC04870,39.99,53.59,1,medium
SC04871,28.32,35.54,14,low
SC04872,21.57,53.24,74,low
SC04873,23.31,50.75,90,medium
SC04874,24.41,79.07,48,low
SC04875,26.1,81.94,86,medium
SC04876,35.36,68.56,34,high
SC04877,34.23,21.81,93,low
SC04878,36.79,94.48,46,medium
SC04879,27.79,74.9,23,medium
SC04880,40.25,22.74,82,high
SC04881,23.51,85.51,59,high
SC04882,30.66,36.02,92,low
SC04883,39.63,66.34,76,low
SC04884,22.86,57.33,47,medium
SC04885,20.97,53.59,22,high
SC04886,41.86,91.18,11,low
SC04887,27.26,54.99,40,medium
SC04888,36.46,26.03,28,high
SC04889,18.68,95.73,69,high
SC04890,36.63,93.64,50,medium
SC04891,26.53,74.75,22,low
SC04892,19.51,57.43,30,low
SC04893,34.46,27.43,20,medium
SC04894,24.5,83.26,23,low
SC04895,28.44,26.04,71,high
SC04896,20.18,25.49,8,low
SC04897,21.97,62.99,21,low
SC04898,26.05,32.81,3,low
SC04899,20.42,20.62,76,medium
SC04900,42.59,53.85,97,medium
SC04901,18.16,30.98,2,medium
SC04902,31.06,32.84,100,high
SC04903,21.33,26.15,27,medium
SC04904,26.31,36.41,89,low
SC04905,43.0,77.24,97,high
SC04906,22.37,84.71,14,high
SC04907,44.08,56.2,7,low
SC04908,23.56,60.52,47,low
SC04909,38.02,22.61,98,high
SC04910,32.76,25.55,87,medium
SC04911,41.88,40.61,51,medium
SC04912,32.96,63.51,54,high
SC04913,32.43,79.16,36,low
SC04914,23.28,68.4,3,medium
SC04915,22.49,51.37,54,low
SC04916,42.75,29.47,11,low
SC04917,26.85,82.46,18,medium
SC04918,28.05,49.1,78,low
SC04919,38.52,78.88,56,high
SC04920,27.15,61.04,93,low
SC04921,43.71,79.09,36,low
SC04922,37.92,92.58,75,low
SC04923,34.13,93.68,82,high
SC04924,41.78,62.81,97,medium
SC04925,19.34,60.92,6,low
SC04926,24.94,41.25,91,medium
SC04927,30.56,94.86,54,medium
SC04928,24.13,56.63,27,low
SC04929,38.09,30.21,92,high
SC04930,42.82,54.62,36,high
SC04931,29.44,30.16,83,medium
SC04932,27.24,60.2,60,medium
SC04933,43.96,64.9,74,high
SC04934,30.01,47.02,38,medium
SC04935,31.2,25.73,22,high
SC04936,27.49,95.48,51,low
SC04937,42.56,81.87,83,medium
SC04938,33.36,87.11,83,high
SC04939,38.58,49.35,10,low
SC04940,39.92,80.87,65,low
SC04941,27.23,58.83,12,medium
SC04942,29.71,36.09,76,high
SC04943,40.91,29.95,40,low
SC04944,27.81,47.6,48,high
SC04945,39.44,31.0,14,medium
SC04946,43.41,99.86,55,high
SC04947,34.83,23.94,53,high
SC04948,38.02,55.29,30,medium
SC04949,39.74,56.17,60,high
SC04950,40.82,44.05,57,low
SC04951,28.67,65.71,86,high
SC04952,19.38,32.0,59,low
SC04953,28.85,82.71,52,low
SC04954,36.19,46.6,85,medium
SC04955,30.16,67.31,60,low
SC04956,38.22,77.25,79,high
SC04957,27.64,91.12,41,high
SC04958,35.14,86.86,28,low
SC04959,23.03,68.66,83,low
SC04960,38.23,51.07,91,medium
SC04961,32.73,60.26,26,high
SC04962,23.51,81.5,43,high
SC04963,25.88,90.2,92,low
SC04964,38.21,28.3,4,high
SC04965,31.03,50.79,51,low
SC04966,23.83,82.09,52,low
SC04967,44.12,54.53,51,low
SC04968,37.31,46.58,37,medium
SC04969,43.84,52.91,43,medium
SC04970,29.53,68.23,52,medium
SC04971,30.83,99.98,1,high
SC04972,42.24,59.44,53,medium
SC04973,32.18,36.68,83,low
SC04974,37.1,33.03,76,medium
SC04975,24.81,23.39,89,low
SC04976,30.06,64.71,34,medium
SC04977,21.33,63.57,45,medium
SC04978,23.56,36.42,71,low
SC04979,18.03,75.63,91,low
SC04980,19.06,79.29,78,high
SC04981,44.39,40.73,54,medium
SC04982,24.54,47.53,71,high
SC04983,35.91,99.24,10,medium
SC04984,40.66,49.94,28,high
SC04985,32.87,80.86,68,medium
SC04986,22.13,56.22,62,high
SC04987,37.66,83.47,46,low
SC04988,34.21,81.52,6,low
SC04989,37.74,73.42,63,high
SC04990,38.78,88.38,81,high
SC04991,44.34,95.14,63,high
SC04992,33.49,66.4,91,low
SC04993,27.22,39.0,11,high
SC04994,35.51,51.89,11,low
SC04995,19.85,80.66,35,low
SC04996,42.23,72.07,28,high
SC04997,21.22,34.22,10,medium
SC04998,26.85,24.1,52,high
SC04999,40.03,74.64,69,medium
SC05000,34.13,40.09,84,high
SC05001,28.63,59.97,73,medium
SC05002,30.78,79.74,95,medium
SC05003,41.07,65.01,46,low
SC05004,27.18,26.66,32,high
SC05005,41.48,34.85,80,high
SC05006,20.38,37.55,66,medium
SC05007,38.97,40.63,42,high
SC05008,40.88,65.23,17,medium
SC05009,22.91,60.32,73,high
SC05010,29.62,36.25,52,high
SC05011,22.47,25.4,38,low
SC05012,37.08,33.71,71,medium
SC05013,32.45,98.75,33,medium
SC05014,35.15,57.48,36,medium
SC05015,23.31,89.39,40,high
SC05016,23.72,87.9,96,low
SC05017,19.12,60.92,48,low
SC05018,26.7,76.54,9,high
SC05019,33.11,35.42,39,medium
SC05020,41.16,75.07,17,medium
SC05021,36.01,41.79,24,low
SC05022,29.76,86.56,40,low
SC05023,43.73,26.7,35,low
SC05024,37.42,81.85,1,high
SC05025,43.11,27.99,82,medium
SC05026,32.24,90.5,73,medium
SC05027,24.99,44.34,48,low
SC05028,19.43,72.35,66,low
SC05029,37.6,59.0,52,low
SC05030,21.28,49.3,18,medium
SC05031,26.17,71.64,25,low
SC05032,32.38,95.8,53,high
SC05033,33.24,23.3,50,low
SC05034,34.22,93.51,24,medium
SC05035,22.49,68.73,16,medium
SC05036,28.25,84.59,73,low
SC05037,34.66,50.71,60,high
SC05038,44.19,57.75,45,high
SC05039,37.65,89.51,54,low
SC05040,42.91,53.19,49,medium
SC05041,38.58,62.77,74,medium
SC05042,33.98,21.62,10,high
SC05043,23.18,32.69,11,medium
SC05044,36.0,71.33,39,low
SC05045,34.83,77.36,47,medium
SC05046,34.27,66.61,55,medium
SC05047,31.22,31.46,7,high
SC05048,32.27,55.63,87,high
SC05049,27.03,48.41,13,low
SC05050,32.02,59.65,86,high
SC05051,23.33,89.63,55,high
SC05052,39.74,82.07,53,high
SC05053,23.02,26.72,99,high
SC05054,20.29,91.22,16,high
SC05055,29.78,57.74,44,low
SC05056,35.77,79.51,4,high
SC05057,29.82,31.2,2,medium
SC05058,25.47,73.66,8,low
SC05059,33.07,38.91,83,medium
SC05060,27.37,55.07,19,high
SC05061,43.19,21.35,82,medium
SC05062,42.91,32.13,20,high
SC05063,31.56,27.37,79,medium
SC05064,26.85,39.18,32,low
SC05065,37.9,28.0,4,low
SC05066,18.99,75.35,23,medium
SC05067,30.82,22.32,62,low
SC05068,27.08,69.42,78,medium
SC05069,42.85,31.26,25,low
SC05070,18.32,95.61,88,high
SC05071,32.93,94.65,91,medium
SC05072,38.0,38.04,32,medium
SC05073,31.1,69.15,17,low
SC05074,20.31,22.24,17,low
SC05075,44.26,94.54,37,high
SC05076,31.99,61.84,32,medium
SC05077,34.58,23.46,26,low
SC05078,24.39,47.4,48,low
SC05079,31.05,26.15,49,high
SC05080,29.59,51.44,14,low
SC05081,20.02,73.59,76,low
SC05082,20.87,57.59,51,low
SC05083,40.61,50.7,97,high
SC05084,24.48,29.53,67,high
SC05085,23.26,39.6,98,medium
SC05086,31.63,28.01,18,low
SC05087,38.76,84.6,94,medium
SC05088,19.67,30.82,24,low
SC05089,33.57,67.63,75,medium
SC05090,21.22,47.42,75,low
SC05091,18.98,38.08,24,low
SC05092,19.42,71.16,32,high
SC05093,40.52,56.56,59,medium
SC05094,21.19,52.01,36,high
SC05095,19.22,67.43,91,medium
SC05096,29.82,59.3,42,high
SC05097,40.79,44.28,8,high
SC05098,25.09,64.72,13,low
SC05099,29.39,73.56,2,medium
SC05100,19.08,22.14,68,high
SC05101,30.13,57.27,55,high
SC05102,33.6,24.61,25,high
SC05103,33.41,34.91,52,medium
SC05104,26.98,64.84,40,medium
SC05105,26.52,89.3,81,medium
SC05106,20.88,90.62,20,medium
SC05107,27.9,25.6,38,high
SC05108,20.69,53.53,79,high
SC05109,38.7,66.64,22,low
SC05110,44.09,31.77,92,medium
SC05111,44.19,81.23,73,medium
SC05112,41.36,79.54,57,medium
SC05113,34.22,92.27,68,high
SC05114,36.92,20.68,74,medium
SC05115,25.7,37.33,28,low
SC05116,35.03,86.17,61,medium
SC05117,30.3,73.65,52,medium
SC05118,31.01,91.55,44,medium
SC05119,38.46,24.57,26,low
SC05120,25.61,67.76,33,low
SC05121,26.59,65.52,13,medium
SC05122,42.97,22.85,40,medium
SC05123,19.52,61.08,73,medium
SC05124,31.11,68.76,59,high
SC05125,42.65,35.3,41,high
SC05126,34.48,41.87,50,high
SC05127,32.75,71.23,74,medium
SC05128,24.74,57.46,10,low
SC05129,27.27,88.64,34,low
SC05130,41.01,47.39,18,medium
SC05131,33.1,41.33,87,high
SC05132,31.9,98.79,64,high
SC05133,20.69,92.89,75,medium
SC05134,18.43,22.32,60,medium
SC05135,44.02,81.66,46,medium
SC05136,28.18,28.83,13,high
SC05137,34.29,22.2,66,high
SC05138,20.15,41.9,51,high
SC05139,36.44,41.55,31,medium
SC05140,43.18,85.55,79,low
SC05141,33.54,76.85,9,low
SC05142,21.41,98.53,16,low
SC05143,33.71,76.92,39,low
SC05144,38.69,53.46,67,high
SC05145,28.97,75.91,62,low
SC05146,41.76,99.96,14,low
SC05147,35.51,76.81,96,medium
SC05148,42.28,80.93,38,medium
SC05149,34.83,95.07,56,high
SC05150,21.54,29.09,9,low
SC05151,26.36,76.38,70,high
SC05152,23.45,88.06,96,low
SC05153,42.54,96.35,16,high
SC05154,38.53,36.88,75,medium
SC05155,36.26,60.31,16,medium
SC05156,26.13,74.44,15,low
SC05157,22.97,39.8,77,medium
SC05158,38.42,68.04,2,high
SC05159,30.8,40.61,50,low
SC05160,24.1,46.68,93,low
SC05161,34.65,55.32,45,high
SC05162,19.09,62.34,54,medium
SC05163,26.81,55.95,98,high
SC05164,30.65,59.46,25,high
SC05165,21.99,43.89,75,medium
SC05166,44.59,32.72,30,low
SC05167,23.65,23.79,80,high
SC05168,21.52,35.68,100,medium
SC05169,23.5,66.56,71,low
SC05170,38.76,82.89,18,medium
SC05171,29.49,33.54,89,low
SC05172,33.27,28.68,67,high
SC05173,18.57,79.94,14,low
SC05174,18.93,44.41,57,low
SC05175,30.04,96.12,77,low
SC05176,40.05,77.15,29,low
SC05177,41.9,46.14,47,medium
SC05178,20.34,43.16,55,medium
SC05179,32.54,61.9,41,high
SC05180,42.66,26.33,23,medium
SC05181,28.48,29.41,51,medium
SC05182,40.4,34.07,42,medium
SC05183,21.61,81.98,33,high
SC05184,43.26,61.11,59,medium
SC05185,38.29,20.85,82,low
SC05186,43.42,73.88,2,medium
SC05187,36.27,53.9,67,low
SC05188,27.81,60.87,10,low
SC05189,43.33,37.13,12,high
SC05190,25.44,64.14,49,high
SC05191,26.97,98.33,81,medium
SC05192,36.92,25.88,18,high
SC05193,38.66,42.71,43,low
SC05194,43.09,39.44,32,medium
SC05195,23.53,39.88,37,medium
SC05196,39.55,50.3,2,medium
SC05197,37.94,85.45,98,low
SC05198,19.72,93.03,64,high
SC05199,28.46,36.18,34,high
SC05200,25.63,63.44,35,medium
SC05201,26.22,70.95,37,low
SC05202,44.54,61.75,38,low
SC05203,35.35,54.73,24,low
SC05204,37.38,35.36,63,low
SC05205,44.37,59.06,12,high
SC05206,28.18,52.1,67,high
SC05207,39.65,83.65,69,medium
SC05208,29.73,81.09,74,high
SC05209,41.48,30.72,0,low
SC05210,22.88,27.08,71,high
SC05211,43.59,92.65,53,low
SC05212,23.91,62.84,97,low
SC05213,26.81,88.62,8,low
SC05214,38.42,24.65,35,high
SC05215,28.63,62.12,36,medium
SC05216,34.42,63.15,58,low
SC05217,30.0,88.86,20,medium
SC05218,38.04,27.81,19,low
SC05219,24.16,39.24,0,low
SC05220,19.58,52.52,98,high
SC05221,26.1,89.27,58,low
SC05222,30.81,95.11,27,high
SC05223,22.54,99.42,70,medium
SC05224,27.58,96.74,55,low
SC05225,28.8,20.48,8,low
SC05226,19.55,23.82,64,medium
SC05227,33.75,31.81,35,low
SC05228,41.88,47.91,97,medium
SC05229,22.1,86.39,33,high
SC05230,34.14,91.41,80,high
SC05231,35.95,34.95,31,medium
SC05232,29.32,69.57,65,high
SC05233,36.93,93.39,99,low
SC05234,29.09,57.1,24,low
SC05235,31.63,28.28,50,high
SC05236,18.2,56.63,62,low
SC05237,36.68,50.06,89,medium
SC05238,35.86,66.21,44,high
SC05239,19.04,55.09,25,medium
SC05240,27.94,21.39,20,low
SC05241,44.43,99.52,81,medium
SC05242,29.36,63.48,92,high
SC05243,31.55,57.89,50,low
SC05244,42.57,96.37,23,medium
SC05245,37.37,32.47,91,medium
SC05246,33.72,35.14,11,low
SC05247,39.54,84.64,10,low
SC05248,41.34,40.87,26,low
SC05249,30.34,83.94,22,high
SC05250,30.83,41.72,32,medium
SC05251,28.42,22.66,79,high
SC05252,44.1,61.36,91,low
SC05253,36.82,35.73,91,high
SC05254,20.25,80.63,37,medium
SC05255,41.3,71.3,54,low
SC05256,30.98,93.89,69,low
SC05257,19.86,82.64,41,medium
SC05258,32.84,34.46,28,high
SC05259,29.26,84.01,33,high
SC05260,41.7,71.34,56,medium
SC05261,23.51,73.52,2,low
SC05262,40.31,86.58,5,low
SC05263,33.06,65.91,47,low
SC05264,19.47,57.28,63,low
SC05265,44.24,70.93,12,high
SC05266,31.84,43.84,35,high
SC05267,25.85,34.61,78,low
SC05268,30.67,69.33,69,high
SC05269,41.16,38.71,32,low
SC05270,26.23,26.39,75,low
SC05271,23.2,20.04,56,low
SC05272,21.48,68.67,54,low
SC05273,26.04,48.97,12,low
SC05274,39.06,80.18,96,medium
SC05275,30.73,50.01,50,medium
SC05276,24.14,58.88,91,low
SC05277,22.49,52.57,52,medium
SC05278,26.98,72.05,35,medium
SC05279,43.38,48.49,4,high
SC05280,27.26,97.1,24,high
SC05281,44.68,94.89,80,high
SC05282,31.1,87.84,36,medium
SC05283,22.84,93.62,18,medium
SC05284,42.06,55.93,34,low
SC05285,30.43,62.91,33,high
SC05286,37.16,79.37,53,low
SC05287,44.56,75.69,45,low
SC05288,19.35,91.25,5,low
SC05289,20.61,77.31,82,medium
SC05290,37.45,99.83,0,low
SC05291,25.61,47.88,70,high
SC05292,22.98,86.64,33,low
SC05293,19.06,75.81,55,high
SC05294,18.59,75.31,82,low
SC05295,38.91,46.07,96,high
SC05296,21.63,82.85,25,medium
SC05297,30.63,92.03,41,medium
SC05298,34.36,37.48,90,medium
SC05299,29.57,70.04,37,medium
SC05300,18.73,51.37,25,medium
SC05301,39.15,99.16,98,medium
SC05302,18.28,58.31,58,medium
SC05303,38.57,38.27,83,low
SC05304,42.12,50.55,23,low
SC05305,29.69,72.31,20,low
SC05306,32.46,26.09,59,high
SC05307,30.88,68.29,89,high
SC05308,28.51,94.5,19,low
SC05309,41.96,88.03,5,medium
SC05310,42.14,25.41,66,medium
SC05311,27.07,99.47,9,low
SC05312,34.61,75.9,11,high
SC05313,43.03,32.98,96,high
SC05314,43.98,20.99,21,high
SC05315,31.74,33.7,61,high
SC05316,30.23,87.05,60,medium
SC05317,25.52,21.73,79,medium
SC05318,43.89,38.65,16,high
SC05319,21.86,80.58,9,medium
SC05320,33.66,66.89,11,high
SC05321,25.63,82.62,82,high
SC05322,25.53,79.69,39,low
SC05323,28.93,24.05,22,high
SC05324,44.97,91.4,39,medium
SC05325,19.48,38.16,73,low
SC05326,33.62,64.27,73,high
SC05327,20.23,71.54,49,medium
SC05328,22.17,33.49,9,high
SC05329,29.87,98.1,93,high
SC05330,31.78,59.05,3,low
SC05331,24.99,24.61,0,high
SC05332,26.54,94.98,42,high
SC05333,20.35,66.9,82,medium
SC05334,26.19,75.94,4,medium
SC05335,44.1,62.01,93,low
SC05336,43.51,86.78,89,medium
SC05337,27.04,22.65,33,low
SC05338,33.41,41.47,65,medium
SC05339,42.56,57.57,23,high
SC05340,18.17,26.13,13,high
SC05341,39.89,76.47,40,low
SC05342,43.61,51.49,41,low
SC05343,20.47,41.81,12,high
SC05344,22.36,20.27,28,medium
SC05345,43.94,77.59,64,high
SC05346,32.51,86.7,45,high
SC05347,18.38,51.6,33,high
SC05348,24.96,65.14,62,low
SC05349,30.15,38.21,3,low
SC05350,36.71,69.78,27,low
SC05351,37.8,20.97,82,low
SC05352,44.88,59.09,0,high
SC05353,25.76,71.54,35,medium
SC05354,32.53,93.46,12,medium
SC05355,32.4,50.51,4,high
SC05356,28.95,81.22,96,medium
SC05357,22.57,67.81,13,medium
SC05358,44.39,94.16,79,high
SC05359,41.04,51.87,31,medium
SC05360,31.45,45.53,49,low
SC05361,34.29,90.97,26,medium
SC05362,24.14,23.94,34,medium
SC05363,32.68,30.91,2,medium
SC05364,36.76,26.59,3,low
SC05365,31.91,87.45,6,low
SC05366,44.74,20.85,76,medium
SC05367,34.51,88.93,2,low
SC05368,28.02,56.1,80,medium
SC05369,38.85,20.32,58,medium
SC05370,22.6,52.13,73,medium
SC05371,28.38,34.94,0,low
SC05372,27.37,69.95,27,low
SC05373,29.66,74.35,58,high
SC05374,39.11,59.0,52,medium
SC05375,31.07,23.24,9,high
SC05376,39.44,72.49,70,medium
SC05377,33.57,87.36,2,medium
SC05378,27.24,77.63,6,high
SC05379,39.87,86.4,8,high
SC05380,24.43,36.04,98,high
SC05381,24.06,91.11,89,high
SC05382,31.62,45.78,68,high
SC05383,25.04,21.07,12,medium
SC05384,18.25,87.47,93,low
SC05385,35.5,95.35,39,medium
SC05386,31.8,72.44,61,low
SC05387,30.03,38.51,61,low
SC05388,44.11,40.14,9,medium
SC05389,33.42,57.33,86,high
SC05390,41.31,91.83,10,medium
SC05391,21.77,31.97,75,medium
SC05392,33.37,86.08,61,medium
SC05393,41.44,43.3,76,high
SC05394,33.74,84.69,55,high
SC05395,37.39,93.62,48,medium
SC05396,28.05,54.2,15,medium
SC05397,20.5,49.2,72,high
SC05398,30.36,84.18,73,medium
SC05399,28.65,62.36,92,low
SC05400,41.41,74.76,8,low
SC05401,24.59,69.83,32,medium
SC05402,44.1,32.23,87,low
SC05403,43.87,87.58,34,medium
SC05404,24.69,35.66,74,low
SC05405,27.4,94.58,38,low
SC05406,42.18,40.05,76,low
SC05407,44.1,78.71,86,high
SC05408,29.97,42.77,24,medium
SC05409,26.67,45.42,79,low
SC05410,32.2,44.8,55,medium
SC05411,36.57,79.83,47,medium
SC05412,25.38,64.55,84,medium
SC05413,37.88,90.64,9,medium
SC05414,19.39,44.59,40,high
SC05415,19.33,75.36,82,medium
SC05416,28.43,80.24,98,high
SC05417,27.54,32.12,58,low
SC05418,26.52,52.05,27,high
SC05419,31.26,58.63,40,high
SC05420,26.66,48.45,65,low
SC05421,23.19,45.77,50,low
SC05422,26.36,74.91,61,medium
SC05423,44.32,37.27,29,low
SC05424,29.1,76.75,39,high
SC05425,30.01,94.8,39,high
SC05426,33.57,65.22,68,low
SC05427,44.55,68.91,61,low
SC05428,24.52,25.51,14,high
SC05429,36.39,89.16,99,low
SC05430,37.33,42.84,2,low
SC05431,34.4,69.2,23,low
SC05432,20.39,98.33,40,high
SC05433,36.28,67.64,62,high
SC05434,19.73,77.98,47,medium
SC05435,34.1,55.63,60,low
SC05436,37.97,24.83,47,medium
SC05437,23.7,83.81,46,low
SC05438,40.72,22.8,55,high
SC05439,18.82,76.05,75,low
SC05440,40.78,21.83,7,medium
SC05441,30.43,88.98,77,medium
SC05442,23.87,32.61,17,low
SC05443,21.61,61.14,83,high
SC05444,43.74,67.77,22,low
SC05445,19.96,56.6,68,low
SC05446,23.38,47.26,64,high
SC05447,27.39,57.43,45,low
SC05448,34.75,44.91,65,low
SC05449,32.71,55.05,79,medium
SC05450,21.39,48.71,68,low
SC05451,25.82,65.3,21,high
SC05452,24.45,39.03,64,low
SC05453,23.77,99.09,11,low
SC05454,29.1,60.07,18,high
SC05455,37.01,35.53,21,low
SC05456,23.87,58.17,54,high
SC05457,27.9,89.31,61,low
SC05458,28.55,21.74,50,low
SC05459,44.36,74.36,47,low
SC05460,43.78,63.84,16,low
SC05461,39.6,33.56,12,medium
SC05462,24.52,85.4,27,low
SC05463,19.84,49.51,66,medium
SC05464,26.56,43.5,4,low
SC05465,25.2,86.25,99,medium
SC05466,31.66,71.08,59,low
SC05467,39.0,91.86,14,medium
SC05468,41.17,70.39,80,low
SC05469,40.81,79.27,43,low
SC05470,27.71,86.92,45,high
SC05471,36.56,24.38,28,medium
SC05472,26.45,82.08,67,low
SC05473,19.64,69.1,95,low
SC05474,36.94,25.56,48,low
SC05475,18.27,60.69,42,high
SC05476,29.05,26.6,67,low
SC05477,26.89,78.88,76,medium
SC05478,36.72,63.72,19,medium
SC05479,38.69,96.29,17,high
SC05480,26.21,34.65,63,low
SC05481,39.91,68.48,48,medium
SC05482,25.94,36.93,41,low
SC05483,30.05,69.13,100,medium
SC05484,37.63,77.81,11,medium
SC05485,36.71,77.78,88,low
SC05486,44.66,85.21,93,medium
SC05487,24.08,88.28,78,medium
SC05488,35.88,26.18,35,low
SC05489,34.46,47.46,7,low
SC05490,42.71,74.97,27,low
SC05491,22.22,59.89,85,low
SC05492,38.3,35.25,59,low
SC05493,33.34,64.22,48,medium
SC05494,25.42,52.59,37,low
SC05495,30.81,51.2,79,low
SC05496,27.01,84.78,57,medium
SC05497,33.64,52.61,4,medium
SC05498,42.0,22.12,45,high
SC05499,33.37,24.65,97,high
SC05500,35.06,88.5,74,high
SC05501,32.01,96.85,1,low
SC05502,19.38,75.07,88,medium
SC05503,24.29,49.15,24,medium
SC05504,31.28,95.09,0,high
SC05505,26.38,73.02,94,low
SC05506,22.91,87.55,68,medium
SC05507,31.61,81.27,39,medium
SC05508,26.72,50.33,67,medium
SC05509,24.97,58.3,68,medium
SC05510,30.53,34.89,68,low
SC05511,21.6,43.36,15,medium
SC05512,43.05,82.25,53,medium
SC05513,41.43,91.52,62,low
SC05514,37.11,77.96,17,high
SC05515,20.87,57.21,16,high
SC05516,38.95,26.92,98,low
SC05517,39.81,24.56,81,low
SC05518,38.73,49.95,3,medium
SC05519,21.08,57.11,94,medium
SC05520,35.39,68.73,94,medium
SC05521,40.53,20.52,8,high
SC05522,33.59,99.18,30,high
SC05523,35.45,49.12,4,medium
SC05524,30.38,87.85,99,low
SC05525,32.28,62.8,15,medium
SC05526,18.93,30.44,41,medium
SC05527,35.25,83.81,40,high
SC05528,20.2,76.79,79,low
SC05529,29.75,62.19,83,medium
SC05530,25.9,61.16,29,medium
SC05531,32.73,27.0,25,medium
SC05532,21.6,72.47,48,low
SC05533,36.67,92.9,30,high
SC05534,39.47,27.46,49,medium
SC05535,22.41,41.08,14,high
SC05536,20.82,92.18,51,low
SC05537,21.93,42.75,37,medium
SC05538,41.68,72.32,37,high
SC05539,32.26,62.79,59,high
SC05540,30.62,67.71,19,high
SC05541,20.88,53.26,98,low
SC05542,35.54,44.0,86,medium
SC05543,41.44,23.88,43,low
SC05544,40.36,79.54,88,low
SC05545,34.9,79.69,62,low
SC05546,20.03,73.66,49,medium
SC05547,21.03,71.49,21,high
SC05548,19.33,39.5,71,medium
SC05549,24.95,21.79,53,high
SC05550,21.66,84.7,8,low
SC05551,25.02,59.29,14,high
SC05552,28.4,44.55,47,low
SC05553,43.46,28.15,19,medium
SC05554,34.48,25.02,34,medium
SC05555,40.54,47.91,100,high
SC05556,37.18,84.38,66,high
SC05557,21.04,93.5,59,low
SC05558,37.87,91.74,97,low
SC05559,25.43,93.6,33,medium
SC05560,35.26,92.62,99,medium
SC05561,27.21,62.18,98,medium
SC05562,44.94,37.55,72,low
SC05563,25.12,83.84,93,high
SC05564,25.54,37.1,53,low
SC05565,43.13,41.38,89,low
SC05566,18.67,38.66,11,low
SC05567,36.81,61.2,87,high
SC05568,37.58,45.75,18,low
SC05569,40.58,32.33,79,high
SC05570,44.31,56.25,25,low
SC05571,44.34,89.91,22,medium
SC05572,19.76,65.64,32,high
SC05573,40.19,90.27,56,low
SC05574,35.45,35.67,29,high
SC05575,35.48,33.36,22,high
SC05576,21.47,66.05,73,medium
SC05577,35.56,57.07,35,low
SC05578,44.53,72.81,94,high
SC05579,42.62,83.57,85,high
SC05580,29.86,80.1,42,high
SC05581,19.08,95.38,65,high
SC05582,27.78,51.86,52,medium
SC05583,40.31,36.51,86,medium
SC05584,36.94,64.07,98,medium
SC05585,30.4,28.86,59,medium
SC05586,19.49,43.11,36,medium
SC05587,29.53,36.63,60,high
SC05588,30.66,51.73,95,medium
SC05589,43.07,28.9,52,high
SC05590,35.31,22.55,11,low
SC05591,26.41,72.54,34,medium
SC05592,32.18,68.82,66,low
SC05593,19.78,76.67,97,low
SC05594,44.26,72.83,37,medium
SC05595,27.72,29.14,23,high
SC05596,30.9,43.29,80,medium
SC05597,27.59,30.36,39,low
SC05598,36.43,87.44,64,medium
SC05599,35.88,79.75,56,medium
SC05600,37.31,36.12,71,medium
SC05601,25.24,47.3,78,medium
SC05602,26.52,97.33,44,low
SC05603,21.38,67.53,88,low
SC05604,35.7,84.09,71,high
SC05605,19.07,41.17,95,medium
SC05606,34.14,36.8,12,low
SC05607,41.48,82.71,78,high
SC05608,42.05,74.87,5,low
SC05609,30.12,74.48,96,low
SC05610,30.4,64.21,70,high
SC05611,20.08,65.09,96,high
SC05612,36.11,78.86,46,low
SC05613,40.17,41.6,92,medium
SC05614,24.61,48.22,100,low
SC05615,29.38,89.73,43,high
SC05616,40.65,44.71,31,medium
SC05617,41.68,63.7,2,low
SC05618,24.57,76.21,53,low
SC05619,32.87,99.99,83,medium
SC05620,23.2,54.82,77,medium
SC05621,20.75,54.25,91,high
SC05622,42.6,87.41,37,high
SC05623,40.15,84.44,3,medium
SC05624,38.52,78.49,78,high
SC05625,19.32,57.06,16,medium
SC05626,40.78,45.92,36,medium
SC05627,29.83,68.7,87,medium
SC05628,27.24,90.1,35,low
SC05629,32.75,90.7,57,low
SC05630,20.47,28.68,40,high
SC05631,38.43,54.27,7,medium
SC05632,33.73,57.18,66,high
SC05633,23.04,98.21,29,low
SC05634,23.08,74.24,85,low
SC05635,22.97,52.58,51,medium
SC05636,19.54,22.08,96,medium
SC05637,33.87,65.23,24,high
SC05638,40.69,27.69,51,low
SC05639,18.47,86.76,58,medium
SC05640,19.32,80.2,29,medium
SC05641,33.46,56.84,100,high
SC05642,40.13,54.34,66,medium
SC05643,26.82,91.79,3,medium
SC05644,27.44,43.08,92,high
SC05645,34.1,39.92,56,low
SC05646,25.4,95.14,62,high
SC05647,18.72,84.74,31,high
SC05648,37.85,85.65,86,medium
SC05649,34.89,35.62,82,high
SC05650,33.68,31.46,78,high
SC05651,38.03,22.08,50,high
SC05652,36.23,38.96,62,low
SC05653,23.56,81.94,79,high
SC05654,27.52,39.2,86,low
SC05655,21.4,78.33,100,low
SC05656,21.51,40.15,0,high
SC05657,36.26,51.62,18,high
SC05658,41.18,98.65,100,medium
SC05659,43.99,39.58,34,medium
SC05660,34.97,50.11,62,high
SC05661,22.97,44.09,93,high
SC05662,20.85,28.77,80,medium
SC05663,39.95,59.19,25,low
SC05664,33.63,50.3,12,high
SC05665,34.69,75.59,85,low
SC05666,39.1,85.41,22,low
SC05667,36.99,63.54,96,medium
SC05668,40.53,22.58,90,medium
SC05669,19.52,69.51,34,medium
SC05670,38.18,24.43,11,high
SC05671,40.97,69.31,8,low
SC05672,25.73,74.8,97,low
SC05673,35.29,35.82,77,low
SC05674,26.48,85.55,100,low
SC05675,43.87,92.89,66,medium
SC05676,18.9,85.05,43,medium
SC05677,33.65,44.41,60,high
SC05678,22.5,66.93,20,high
SC05679,37.23,93.19,6,medium
SC05680,22.75,45.65,96,low
SC05681,24.36,85.6,98,medium
SC05682,31.35,20.76,10,medium
SC05683,42.7,20.29,44,low
SC05684,23.72,80.78,31,high
SC05685,21.89,80.92,85,low
SC05686,38.49,83.12,82,high
SC05687,31.52,94.4,35,medium
SC05688,42.62,29.43,36,high
SC05689,21.96,38.56,74,medium
SC05690,35.44,92.3,40,medium
SC05691,24.29,34.18,76,medium
SC05692,22.23,74.58,91,high
SC05693,36.45,62.44,48,medium
SC05694,34.03,26.66,14,high
SC05695,38.38,42.82,12,low
SC05696,26.36,61.63,52,low
SC05697,30.1,88.19,32,low
SC05698,28.95,76.6,71,high
SC05699,44.57,69.75,31,low
SC05700,25.89,59.68,100,high
SC05701,25.96,43.89,47,medium
SC05702,27.57,29.54,67,low
SC05703,33.24,52.73,56,medium
SC05704,24.81,22.28,61,low
SC05705,42.71,36.88,81,medium
SC05706,25.17,54.6,86,medium
SC05707,42.19,53.49,92,low
SC05708,20.79,23.54,1,high
SC05709,35.73,67.12,76,medium
SC05710,42.49,63.97,15,medium
SC05711,22.56,26.25,7,high
SC05712,44.14,95.45,18,low
SC05713,30.23,27.95,31,medium
SC05714,43.53,88.39,66,medium
SC05715,36.27,20.02,31,medium
SC05716,26.14,90.58,84,low
SC05717,23.08,21.58,24,low
SC05718,26.2,80.62,52,medium
SC05719,20.51,48.94,80,low
SC05720,21.88,79.06,24,low
SC05721,20.83,52.14,32,low
SC05722,29.42,25.67,30,medium
SC05723,39.48,81.4,35,low
SC05724,21.82,25.7,86,medium
SC05725,21.52,93.77,88,high
SC05726,35.37,24.08,48,high
SC05727,23.32,58.35,43,high
SC05728,20.64,77.84,47,medium
SC05729,22.5,51.46,29,medium
SC05730,42.94,37.38,12,low
SC05731,40.18,80.73,42,low
SC05732,27.56,82.74,92,low
SC05733,35.71,93.82,15,low
SC05734,32.51,50.09,90,high
SC05735,36.28,60.5,25,high
SC05736,36.43,49.05,74,low
SC05737,34.98,40.57,46,medium
SC05738,25.18,80.08,36,medium
SC05739,19.05,47.17,2,medium
SC05740,30.3,54.25,25,medium
SC05741,42.06,52.29,97,low
SC05742,33.38,77.01,96,medium
SC05743,40.47,93.42,14,medium
SC05744,44.77,73.34,65,medium
SC05745,22.42,57.73,27,medium
SC05746,36.68,82.34,83,high
SC05747,36.21,71.28,37,high
SC05748,44.46,24.85,43,medium
SC05749,44.61,27.65,52,low
SC05750,36.54,23.03,79,medium
SC05751,24.58,56.55,3,high
SC05752,39.56,86.07,71,low
SC05753,20.89,45.05,43,medium
SC05754,39.08,50.73,45,low
SC05755,42.58,92.76,83,low
SC05756,28.34,86.95,25,low
SC05757,35.03,73.2,95,low
SC05758,29.61,41.34,12,medium
SC05759,29.82,29.36,68,high
SC05760,26.38,21.28,43,medium
SC05761,38.58,28.56,52,medium
SC05762,43.28,43.41,50,high
SC05763,43.4,64.14,12,low
SC05764,22.72,25.12,40,low
SC05765,41.62,30.9,10,low
SC05766,37.91,34.49,36,high
SC05767,24.83,70.56,59,medium
SC05768,19.82,69.26,31,low
SC05769,25.24,64.06,44,medium
SC05770,42.63,40.04,17,high
SC05771,35.1,49.69,92,low
SC05772,37.47,27.74,78,medium
SC05773,24.94,38.12,19,medium
SC05774,37.42,91.82,43,medium
SC05775,18.76,98.38,35,medium
SC05776,28.13,71.81,68,high
SC05777,34.92,93.35,36,medium
SC05778,21.94,71.42,32,medium
SC05779,40.22,22.66,81,low
SC05780,24.35,99.74,18,low
SC05781,35.61,27.92,50,medium
SC05782,28.94,74.61,31,low
SC05783,34.09,40.23,21,low
SC05784,20.9,51.36,0,low
SC05785,18.46,71.67,53,medium
SC05786,42.56,54.92,88,low
SC05787,25.28,40.04,19,high
SC05788,40.13,46.76,57,low
SC05789,44.98,47.32,34,medium
SC05790,23.71,96.75,69,medium
SC05791,25.16,83.89,69,high
SC05792,35.9,56.68,60,medium
SC05793,44.07,35.99,62,high
SC05794,42.73,84.88,100,low
SC05795,31.58,32.57,60,medium
SC05796,39.47,36.84,56,low
SC05797,21.67,49.28,2,high
SC05798,44.39,90.43,100,low
SC05799,44.04,30.54,94,medium
SC05800,22.42,29.78,98,medium
SC05801,26.08,59.52,44,high
SC05802,20.7,42.11,14,low
SC05803,25.34,65.5,16,medium
SC05804,40.03,56.13,14,high
SC05805,28.21,54.8,4,low
SC05806,20.39,28.96,85,high
SC05807,27.24,31.28,45,low
SC05808,44.5,85.69,10,high
SC05809,35.0,90.87,63,high
SC05810,29.24,38.77,91,high
SC05811,22.5,29.08,13,medium
SC05812,44.63,24.27,38,high
SC05813,40.16,68.66,66,low
SC05814,25.6,77.23,54,medium
SC05815,19.89,49.82,41,low
SC05816,19.53,74.37,74,medium
SC05817,21.25,77.04,93,high
SC05818,33.68,94.83,4,low
SC05819,43.08,25.19,51,high
SC05820,31.41,35.38,21,medium
SC05821,40.76,25.48,76,high
SC05822,30.04,89.44,43,high
SC05823,37.13,83.41,84,high
SC05824,37.76,65.97,58,low
SC05825,22.7,26.69,100,medium
SC05826,27.75,41.86,24,low
SC05827,35.21,43.82,20,low
SC05828,19.91,64.86,91,low
SC05829,27.76,40.64,63,medium
SC05830,32.44,25.84,67,low
SC05831,44.9,78.46,92,medium
SC05832,30.81,43.93,46,medium
SC05833,40.03,56.19,34,low
SC05834,29.67,30.21,86,medium
SC05835,39.5,84.2,6,medium
SC05836,34.08,65.24,55,high
SC05837,41.94,92.13,51,low
SC05838,29.1,59.64,45,medium
SC05839,34.32,95.31,8,medium
SC05840,35.01,91.35,57,high
SC05841,29.27,66.12,22,medium
SC05842,21.9,94.71,2,medium
SC05843,20.53,45.85,60,low
SC05844,18.45,49.25,8,low
SC05845,41.59,23.64,52,low
SC05846,24.38,67.14,67,high
SC05847,23.71,77.75,48,medium
SC05848,37.87,81.88,88,low
SC05849,26.64,31.99,69,medium
SC05850,31.66,55.53,47,low
SC05851,22.39,34.15,81,high
SC05852,43.91,72.97,6,high
SC05853,40.99,32.64,98,high
SC05854,41.32,92.33,30,low
SC05855,28.98,38.45,55,medium
SC05856,38.58,43.31,95,high
SC05857,21.88,88.07,98,medium
SC05858,18.23,56.68,60,medium
SC05859,18.54,21.92,91,medium
SC05860,33.84,59.57,4,medium
SC05861,30.3,26.76,29,medium
SC05862,31.99,98.83,21,low
SC05863,18.2,67.05,16,medium
SC05864,29.41,40.52,9,high
SC05865,37.39,65.1,70,high
SC05866,29.95,26.15,67,low
SC05867,37.77,83.99,41,high
SC05868,24.29,94.03,26,low
SC05869,39.95,89.96,6,high
SC05870,33.89,47.34,22,low
SC05871,23.69,46.06,74,medium
SC05872,24.39,22.81,7,low
SC05873,34.96,72.11,7,medium
SC05874,40.41,62.79,100,low
SC05875,29.22,56.75,4,high
SC05876,24.97,92.61,70,medium
SC05877,41.41,33.43,85,medium
SC05878,36.07,20.77,99,low
SC05879,30.1,25.87,1,low
SC05880,31.17,37.87,87,low
SC05881,23.51,22.66,50,medium
SC05882,34.92,60.23,65,medium
SC05883,27.69,45.13,11,low
SC05884,44.88,34.44,46,medium
SC05885,30.96,80.01,54,low
SC05886,31.12,36.36,25,medium
SC05887,33.28,75.01,44,high
SC05888,42.75,47.94,61,low
SC05889,39.62,60.95,69,high
SC05890,30.18,94.71,86,high
SC05891,37.4,22.99,1,medium
SC05892,33.83,60.02,25,medium
SC05893,31.29,88.35,13,medium
SC05894,23.19,67.04,81,low
SC05895,30.53,42.15,56,high
SC05896,24.64,51.81,31,high
SC05897,42.7,74.42,61,high
SC05898,27.06,91.26,77,medium
SC05899,43.71,23.29,29,medium
SC05900,32.39,25.72,12,high
SC05901,35.05,46.0,39,medium
SC05902,32.66,38.62,30,medium
SC05903,21.49,41.19,36,high
SC05904,28.15,37.7,44,high
SC05905,20.68,35.67,85,low
SC05906,34.82,30.45,58,low
SC05907,30.07,94.72,27,medium
SC05908,39.01,31.54,60,medium
SC05909,23.95,36.35,18,medium
SC05910,22.44,39.7,42,medium
SC05911,28.97,94.64,58,medium
SC05912,43.02,80.46,15,low
SC05913,37.18,83.18,68,medium
SC05914,29.31,28.38,43,low
SC05915,31.97,86.9,65,medium
SC05916,20.27,52.66,9,high
SC05917,44.58,41.03,46,low
SC05918,35.99,66.06,18,low
SC05919,25.71,85.77,83,low
SC05920,33.82,82.29,92,medium
SC05921,20.96,91.2,88,low
SC05922,44.08,94.25,80,medium
SC05923,22.72,39.05,50,medium
SC05924,35.5,53.91,12,low
SC05925,24.63,21.17,62,high
SC05926,37.37,90.35,15,high
SC05927,38.97,32.37,52,low
SC05928,36.18,88.92,34,high
SC05929,34.59,46.35,99,low
SC05930,42.1,49.45,58,low
SC05931,20.12,23.13,38,medium
SC05932,26.93,46.15,66,low
SC05933,24.7,91.07,72,low
SC05934,44.68,22.04,60,low
SC05935,28.51,52.51,49,high
SC05936,37.78,22.51,52,low
SC05937,36.49,49.67,45,high
SC05938,23.73,33.81,51,high
SC05939,24.45,40.18,28,low
SC05940,25.59,90.21,4,low
SC05941,29.1,54.88,66,low
SC05942,24.33,41.9,73,low
SC05943,18.53,67.15,94,low
SC05944,41.74,31.37,74,low
SC05945,44.07,40.75,80,low
SC05946,27.22,63.7,39,low
SC05947,27.14,39.0,71,medium
SC05948,18.19,74.33,1,low
SC05949,36.37,59.32,67,high
SC05950,40.29,81.76,61,low
SC05951,21.96,95.86,79,medium
SC05952,22.31,29.26,57,high
SC05953,39.33,46.77,84,low
SC05954,34.64,45.56,68,medium
SC05955,19.21,32.09,57,medium
SC05956,34.81,84.82,34,high
SC05957,26.34,80.79,13,medium
SC05958,27.96,58.75,14,low
SC05959,38.78,63.02,5,high
SC05960,39.9,24.76,15,medium
SC05961,28.81,64.44,86,low
SC05962,43.57,83.31,94,high
SC05963,28.97,65.91,45,medium
SC05964,38.84,41.22,62,low
SC05965,31.06,73.4,11,high
SC05966,42.23,48.92,40,medium
SC05967,42.51,63.59,18,medium
SC05968,20.36,59.01,75,medium
SC05969,43.29,50.49,76,high
SC05970,40.29,77.51,1,medium
SC05971,39.37,90.71,19,medium
SC05972,23.42,20.42,94,high
SC05973,39.74,94.69,8,low
SC05974,40.95,60.92,20,low
SC05975,25.81,76.06,7,medium
SC05976,43.71,88.45,38,medium
SC05977,19.35,57.37,36,medium
SC05978,22.05,86.8,28,medium
SC05979,32.51,34.21,82,medium
SC05980,33.55,32.73,34,medium
SC05981,35.42,72.6,37,high
SC05982,18.46,89.61,89,medium
SC05983,43.93,91.39,74,high
SC05984,19.2,71.5,99,high
SC05985,21.86,62.04,34,low
SC05986,18.38,46.51,67,medium
SC05987,33.31,98.4,2,low
SC05988,43.17,45.58,11,high
SC05989,35.98,79.53,31,high
SC05990,40.21,62.56,46,low
SC05991,18.36,68.68,62,high
SC05992,32.63,51.48,25,medium
SC05993,30.41,97.19,42,high
SC05994,31.47,65.73,76,low
SC05995,19.95,95.02,43,high
SC05996,36.48,20.61,37,medium
SC05997,31.59,65.81,28,medium
SC05998,38.66,77.37,54,high
SC05999,31.1,79.61,51,medium
SC06000,22.03,92.4,18,medium
SC06001,35.5,20.35,34,low
SC06002,22.65,20.03,47,high
SC06003,41.55,57.78,90,medium
SC06004,34.55,22.34,59,high
SC06005,22.24,97.96,30,medium
SC06006,43.98,37.77,2,low
SC06007,32.0,57.81,34,low
SC06008,19.97,24.89,87,high
SC06009,34.92,61.76,51,low
SC06010,24.84,50.4,70,low
SC06011,39.7,23.57,50,medium
SC06012,40.08,46.81,55,low
SC06013,44.43,51.31,98,high
SC06014,31.55,99.19,20,medium
SC06015,30.28,36.63,0,high
SC06016,38.34,63.58,52,low
SC06017,21.58,98.99,5,low
SC06018,32.77,83.36,97,medium
SC06019,32.75,99.47,81,high
SC06020,20.42,97.46,61,low
SC06021,29.29,59.16,88,medium
SC06022,41.04,75.71,78,high
SC06023,41.12,28.84,46,low
SC06024,20.68,55.29,95,high
SC06025,20.45,84.72,49,high
SC06026,25.09,60.43,81,low
SC06027,41.62,76.22,30,medium
SC06028,21.48,79.66,63,medium
SC06029,37.44,40.28,28,low
SC06030,20.73,90.06,14,low
SC06031,34.82,56.79,57,high
SC06032,27.61,36.81,22,low
SC06033,39.3,89.23,37,medium
SC06034,24.31,53.43,40,medium
SC06035,35.26,80.02,74,low
SC06036,24.36,63.84,14,high
SC06037,37.27,50.55,86,low
SC06038,41.59,84.79,2,low
SC06039,21.42,66.76,82,medium
SC06040,41.4,51.24,0,low
SC06041,34.03,28.77,87,medium
SC06042,21.43,91.64,74,high
SC06043,29.54,22.84,93,low
SC06044,22.34,89.05,10,medium
SC06045,36.91,48.8,59,low
SC06046,38.49,71.15,64,high
SC06047,20.86,93.78,75,low
SC06048,31.67,32.14,3,low
SC06049,39.99,65.36,24,medium
SC06050,43.28,81.15,71,medium
SC06051,31.86,80.61,78,low
SC06052,43.66,62.05,42,high
SC06053,32.46,69.98,93,low
SC06054,28.64,80.6,39,medium
SC06055,40.9,87.28,95,low
SC06056,31.31,80.95,98,high
SC06057,30.74,48.32,84,low
SC06058,31.24,99.74,94,low
SC06059,40.86,54.76,99,low
SC06060,40.46,21.96,90,high
SC06061,28.9,49.01,43,low
SC06062,27.0,30.22,71,low
SC06063,31.28,29.72,58,medium
SC06064,33.46,42.52,22,medium
SC06065,24.44,24.27,61,high
SC06066,39.44,75.08,22,high
SC06067,31.14,25.92,57,low
SC06068,27.02,36.26,54,medium
SC06069,20.88,27.43,32,low
SC06070,24.45,25.05,76,medium
SC06071,43.63,41.42,62,high
SC06072,26.24,65.75,59,medium
SC06073,22.56,97.17,98,low
SC06074,30.44,90.04,60,low
SC06075,26.29,90.07,79,high
SC06076,18.95,34.09,75,high
SC06077,26.72,41.19,60,low
SC06078,32.69,26.11,94,low
SC06079,32.9,82.28,68,high
SC06080,27.63,25.59,88,medium
SC06081,30.08,64.54,20,medium
SC06082,44.07,39.83,2,high
SC06083,28.19,39.48,47,low
SC06084,24.97,99.26,9,medium
SC06085,24.57,80.54,86,high
SC06086,30.36,86.96,80,low
SC06087,38.51,65.76,41,medium
SC06088,23.56,89.68,98,medium
SC06089,37.15,71.64,88,high
SC06090,18.57,95.69,65,low
SC06091,29.31,42.51,90,high
SC06092,38.95,67.63,45,low
SC06093,27.15,75.21,8,medium
SC06094,33.22,51.43,48,low
SC06095,23.53,90.38,3,high
SC06096,38.03,98.38,59,low
SC06097,19.41,59.5,89,high
SC06098,41.02,51.25,95,medium
SC06099,23.35,57.76,28,high
SC06100,41.61,88.22,85,low
SC06101,27.52,71.64,46,low
SC06102,37.51,23.58,76,medium
SC06103,26.62,63.37,86,medium
SC06104,42.46,21.38,62,medium
SC06105,21.42,82.28,30,medium
SC06106,22.82,46.26,50,low
SC06107,31.31,57.76,40,medium
SC06108,20.21,83.89,35,low
SC06109,23.29,23.72,39,low
SC06110,43.48,32.68,94,high
SC06111,44.37,51.84,59,medium
SC06112,28.16,38.39,14,high
SC06113,42.93,47.03,77,low
SC06114,32.71,99.85,98,low
SC06115,25.28,86.03,87,medium
SC06116,36.96,90.71,29,low
SC06117,35.79,94.96,29,low
SC06118,44.71,47.27,26,low
SC06119,25.16,43.77,39,low
SC06120,36.15,38.72,77,low
SC06121,19.4,86.41,44,high
SC06122,21.07,74.36,74,medium
SC06123,18.11,38.89,46,medium
SC06124,44.99,50.16,89,low
SC06125,39.66,60.54,55,high
SC06126,39.24,62.25,53,low
SC06127,31.76,91.1,84,low
SC06128,26.1,50.45,8,low
SC06129,22.08,92.68,64,medium
SC06130,25.69,55.31,69,high
SC06131,28.15,79.71,0,medium
SC06132,38.42,94.42,85,high
SC06133,32.57,92.61,12,high
SC06134,20.09,24.56,37,low
SC06135,18.49,36.46,44,low
SC06136,20.76,58.15,39,high
SC06137,29.08,54.52,94,low
SC06138,43.2,71.27,14,high
SC06139,35.21,95.58,49,high
SC06140,39.65,28.99,1,high
SC06141,30.59,56.15,52,high
SC06142,27.76,35.39,94,high
SC06143,20.93,91.53,25,medium
SC06144,41.65,97.17,65,medium
SC06145,39.15,58.3,74,low
SC06146,22.54,28.32,32,high
SC06147,31.83,82.82,81,high
SC06148,31.16,75.77,84,medium
SC06149,34.88,48.37,58,medium
SC06150,43.55,90.99,94,medium
SC06151,33.65,98.07,25,high
SC06152,32.59,64.63,93,low
SC06153,19.36,65.26,20,medium
SC06154,19.7,43.8,48,high
SC06155,23.06,66.76,79,low
SC06156,18.88,55.17,70,high
SC06157,38.07,44.18,85,high
SC06158,37.53,25.37,70,high
SC06159,21.67,40.22,65,medium
SC06160,40.57,35.83,36,medium
SC06161,22.18,63.36,13,high
SC06162,26.13,68.13,71,low
SC06163,24.72,68.69,92,low
SC06164,28.05,51.05,6,high
SC06165,24.88,53.7,37,medium
SC06166,31.2,86.74,44,low
SC06167,29.0,58.1,21,low
SC06168,44.64,99.02,43,high
SC06169,19.51,55.17,80,high
SC06170,21.84,71.97,79,medium
SC06171,19.43,24.03,96,low
SC06172,34.9,72.27,34,medium
SC06173,19.47,88.11,59,low
SC06174,40.58,95.4,95,low
SC06175,31.82,99.79,2,medium
SC06176,32.23,42.57,66,medium
SC06177,33.16,66.03,71,medium
SC06178,22.61,56.06,94,high
SC06179,23.34,65.11,54,medium
SC06180,26.61,32.6,8,high
SC06181,34.02,88.49,68,high
SC06182,23.67,92.77,27,medium
SC06183,21.14,55.97,14,low
SC06184,44.19,42.43,90,high
SC06185,18.59,31.27,30,high
SC06186,39.67,74.7,58,medium
SC06187,39.28,44.98,81,medium
SC06188,26.02,92.76,53,low
SC06189,21.66,73.68,67,low
SC06190,21.93,71.65,84,medium
SC06191,36.83,64.75,46,low
SC06192,35.36,23.66,41,low
SC06193,39.13,94.55,22,medium
SC06194,43.31,70.23,85,high
SC06195,36.68,99.52,64,high
SC06196,22.21,62.99,88,high
SC06197,24.57,76.81,53,medium
SC06198,40.74,24.5,91,medium
SC06199,23.65,70.54,100,high
SC06200,19.96,81.17,10,medium
SC06201,36.99,82.28,62,low
SC06202,28.87,81.61,21,medium
SC06203,42.84,38.1,53,high
SC06204,35.56,98.03,88,low
SC06205,20.44,99.61,84,low
SC06206,43.59,26.05,35,medium
SC06207,24.98,94.92,57,high
SC06208,27.1,43.16,19,low
SC06209,28.86,75.14,15,medium
SC06210,19.38,47.05,91,low
SC06211,31.41,97.42,55,medium
SC06212,21.33,28.12,92,medium
SC06213,28.83,59.82,49,low
SC06214,27.47,54.24,89,high
SC06215,38.87,46.08,65,high
SC06216,39.69,71.64,73,low
SC06217,22.14,30.48,12,low
SC06218,27.9,77.33,14,low
SC06219,28.08,98.45,72,high
SC06220,22.09,84.36,26,low
SC06221,39.56,88.8,7,low
SC06222,37.1,48.77,69,medium
SC06223,23.14,45.99,99,low
SC06224,27.9,61.36,49,low
SC06225,20.86,23.66,87,medium
SC06226,34.96,95.63,66,low
SC06227,21.28,31.5,25,high
SC06228,44.62,92.24,35,high
SC06229,39.08,26.69,20,medium
SC06230,28.54,85.81,76,medium
SC06231,33.62,32.16,51,medium
SC06232,42.61,23.05,10,medium
SC06233,32.96,77.56,7,low
SC06234,22.71,42.42,56,low
SC06235,28.22,77.16,45,high
SC06236,40.76,64.41,77,low
SC06237,35.39,28.7,96,medium
SC06238,35.57,94.57,1,medium
SC06239,41.4,56.19,63,low
SC06240,42.14,78.76,51,high
SC06241,42.83,60.08,64,high
SC06242,20.56,68.35,10,low
SC06243,32.69,44.22,5,high
SC06244,37.99,36.03,95,low
SC06245,38.44,63.41,78,high
SC06246,34.38,55.22,75,medium
SC06247,22.5,51.21,63,medium
SC06248,39.53,73.81,100,low
SC06249,37.44,75.24,92,medium
SC06250,20.33,23.67,54,high
SC06251,30.52,47.1,43,medium
SC06252,22.7,52.94,85,medium
SC06253,27.11,27.75,13,high
SC06254,18.49,38.87,82,medium
SC06255,28.81,24.13,4,medium
SC06256,32.85,99.7,98,high
SC06257,34.73,78.92,24,high
SC06258,35.91,27.0,49,medium
SC06259,40.58,21.62,72,medium
SC06260,23.82,77.54,70,high
SC06261,21.25,55.14,81,low
SC06262,40.99,82.94,1,low
SC06263,22.23,93.88,9,medium
SC06264,44.32,67.94,1,low
SC06265,40.75,34.97,59,medium
SC06266,31.52,82.58,44,high
SC06267,44.5,96.46,7,low
SC06268,20.63,66.42,57,high
SC06269,26.18,74.56,6,low
SC06270,35.23,47.0,98,medium
SC06271,27.45,50.52,86,low
SC06272,43.07,78.77,71,high
SC06273,19.77,94.22,20,low
SC06274,32.83,70.32,96,low
SC06275,33.95,83.19,46,high
SC06276,35.62,33.73,0,high
SC06277,24.9,36.96,11,low
SC06278,27.84,62.56,74,low
SC06279,40.78,34.12,47,medium
SC06280,23.26,70.8,93,medium
SC06281,40.33,43.33,3,high
SC06282,33.19,83.32,33,low
SC06283,38.58,84.65,86,low
SC06284,37.27,57.1,31,medium
SC06285,23.6,34.46,2,medium
SC06286,33.36,71.74,91,high
SC06287,41.43,99.42,67,high
SC06288,29.67,69.81,56,medium
SC06289,44.1,22.86,75,low
SC06290,30.21,21.38,23,medium
SC06291,21.86,45.63,32,medium
SC06292,28.51,35.66,2,medium
SC06293,43.7,85.04,3,high
SC06294,26.63,87.58,29,medium
SC06295,41.44,40.69,69,low
SC06296,41.79,46.05,48,medium
SC06297,27.46,38.9,29,low
SC06298,20.25,92.67,71,low
SC06299,37.56,60.21,81,high
SC06300,26.41,72.49,15,medium
SC06301,39.14,53.24,52,medium
SC06302,29.95,70.48,5,medium
SC06303,31.1,50.87,23,low
SC06304,39.0,47.17,91,low
SC06305,28.32,70.76,95,low
SC06306,29.96,67.28,88,high
SC06307,28.16,43.48,27,high
SC06308,27.92,31.95,20,high
SC06309,32.2,49.49,7,medium
SC06310,39.84,53.22,35,medium
SC06311,27.77,70.29,8,low
SC06312,32.15,93.16,39,low
SC06313,36.11,22.89,84,medium
SC06314,25.27,39.49,50,medium
SC06315,25.49,35.5,0,high
SC06316,43.2,60.18,62,medium
SC06317,37.54,54.38,67,high
SC06318,33.58,78.32,73,medium
SC06319,35.49,39.39,25,low
SC06320,18.79,67.56,39,high
SC06321,34.69,90.71,2,medium
SC06322,31.76,92.85,8,high
SC06323,32.74,96.7,31,low
SC06324,27.7,81.86,66,medium
SC06325,20.2,92.48,3,low
SC06326,23.22,38.76,5,low
SC06327,43.67,35.81,72,high
SC06328,29.03,20.52,25,low
SC06329,30.6,76.55,1,low
SC06330,19.42,95.0,65,high
SC06331,19.01,34.95,84,high
SC06332,37.36,70.96,85,low
SC06333,32.53,79.72,2,low
SC06334,31.74,94.21,34,high
SC06335,24.56,71.75,58,high
SC06336,38.11,97.62,37,high
SC06337,22.54,47.57,32,low
SC06338,23.13,47.99,14,medium
SC06339,30.44,63.44,74,low
SC06340,25.73,50.68,73,low
SC06341,24.68,20.11,99,low
SC06342,35.42,78.54,13,low
SC06343,35.58,80.14,65,medium
SC06344,40.26,79.76,44,low
SC06345,29.28,47.6,47,high
SC06346,19.97,61.78,43,high
SC06347,25.39,48.8,36,low
SC06348,44.46,21.28,28,high
SC06349,34.1,65.0,98,high
SC06350,37.16,29.9,83,medium
SC06351,18.2,26.4,84,low
SC06352,31.99,80.44,33,low
SC06353,19.01,20.76,58,low
SC06354,33.37,96.72,42,medium
SC06355,42.86,61.22,32,low
SC06356,44.15,98.64,18,medium
SC06357,32.59,24.64,7,low
SC06358,30.37,66.68,30,medium
SC06359,43.52,47.95,10,medium
SC06360,36.19,87.48,7,low
SC06361,19.75,48.9,24,medium
SC06362,30.57,40.84,19,medium
SC06363,24.49,88.6,37,high
SC06364,30.68,49.97,6,medium
SC06365,30.3,21.35,76,medium
SC06366,33.72,51.22,38,high
SC06367,27.63,72.36,73,high
SC06368,22.44,40.35,71,low
SC06369,31.6,54.56,19,low
SC06370,40.42,24.54,80,low
SC06371,35.93,67.05,10,low
SC06372,27.14,80.5,15,medium
SC06373,43.26,53.07,100,medium
SC06374,42.63,53.62,41,high
SC06375,23.65,27.06,95,low
SC06376,19.06,36.16,89,medium
SC06377,38.02,32.37,51,medium
SC06378,40.35,58.54,36,high
SC06379,44.13,62.34,51,low
SC06380,42.03,95.92,8,low
SC06381,34.21,25.86,34,low
SC06382,32.31,67.99,66,medium
SC06383,18.75,62.12,94,medium
SC06384,24.66,61.3,6,high
SC06385,30.41,89.85,1,low
SC06386,34.97,36.44,24,low
SC06387,33.05,23.26,75,medium
SC06388,38.05,73.78,93,high
SC06389,25.55,47.61,93,medium
SC06390,33.25,21.41,92,high
SC06391,20.38,40.11,40,medium
SC06392,29.17,44.75,74,low
SC06393,38.25,69.35,51,high
SC06394,36.72,33.81,86,low
SC06395,44.75,53.04,80,low
SC06396,25.5,58.6,76,low
SC06397,31.45,56.74,96,low
SC06398,26.9,97.92,64,medium
SC06399,29.9,23.64,76,medium
SC06400,41.14,96.08,37,medium
SC06401,36.47,66.55,66,medium
SC06402,41.83,83.66,79,medium
SC06403,23.49,54.43,41,low
SC06404,41.58,56.31,70,medium
SC06405,19.61,90.35,53,low
SC06406,41.99,91.67,66,high
SC06407,26.88,39.1,77,medium
SC06408,26.49,35.94,63,medium
SC06409,31.83,59.7,79,medium
SC06410,43.4,92.02,3,low
SC06411,19.29,45.79,30,medium
SC06412,27.51,72.16,12,medium
SC06413,41.13,76.65,26,medium
SC06414,28.69,82.29,58,medium
SC06415,23.38,65.11,64,low
SC06416,29.47,52.2,63,low
SC06417,28.41,97.36,24,medium
SC06418,42.72,68.91,36,low
SC06419,38.57,78.29,74,low
SC06420,31.64,47.6,72,high
SC06421,44.69,73.6,70,low
SC06422,30.56,40.62,13,medium
SC06423,19.57,39.61,93,high
SC06424,25.08,77.18,23,low
SC06425,29.77,61.71,66,high
SC06426,22.24,74.66,47,low
SC06427,43.58,41.56,90,low
SC06428,38.7,67.9,64,low
SC06429,25.24,55.51,37,medium
SC06430,33.95,67.76,89,high
SC06431,37.48,43.27,69,high
SC06432,43.41,77.24,58,medium
SC06433,41.8,84.47,11,low
SC06434,31.91,40.79,53,high
SC06435,38.92,44.05,50,high
SC06436,33.18,72.89,37,low
SC06437,32.92,75.65,45,high
SC06438,21.1,76.33,98,high
SC06439,21.41,74.62,9,medium
SC06440,32.3,51.42,8,low
SC06441,25.26,51.59,86,high
SC06442,18.57,40.39,93,low
SC06443,37.52,32.55,51,medium
SC06444,18.88,75.41,50,low
SC06445,34.07,27.46,21,high
SC06446,32.56,95.02,72,low
SC06447,44.16,86.13,82,medium
SC06448,31.07,88.6,71,low
SC06449,19.72,92.53,67,medium
SC06450,32.9,52.69,4,high
SC06451,40.71,87.74,82,high
SC06452,44.91,32.64,81,low
SC06453,29.62,21.73,28,medium
SC06454,26.65,82.79,82,low
SC06455,42.48,25.98,5,medium
SC06456,23.16,99.08,68,high
SC06457,34.62,73.98,57,high
SC06458,28.95,80.28,42,low
SC06459,19.11,39.66,68,medium
SC06460,27.38,73.91,71,medium
SC06461,25.16,23.46,90,low
SC06462,36.52,87.03,36,low
SC06463,43.62,33.57,57,low
SC06464,25.24,75.79,36,low
SC06465,39.91,37.96,81,medium
SC06466,19.49,25.48,25,high
SC06467,32.53,58.52,41,low
SC06468,19.9,33.54,15,high
SC06469,43.22,78.36,21,medium
SC06470,38.69,39.01,22,medium
SC06471,35.76,47.4,46,low
SC06472,40.25,65.4,66,low
SC06473,35.48,42.8,2,low
SC06474,44.16,50.24,11,medium
SC06475,37.28,85.25,22,high
SC06476,42.97,34.34,10,high
SC06477,31.96,26.58,51,medium
SC06478,21.16,46.27,49,medium
SC06479,32.26,53.95,56,medium
SC06480,21.43,63.41,63,low
SC06481,34.0,49.79,45,low
SC06482,31.03,83.19,28,high
SC06483,34.81,23.15,69,low
SC06484,18.27,54.54,45,high
SC06485,23.26,50.58,15,low
SC06486,31.27,71.81,97,low
SC06487,43.66,97.3,50,medium
SC06488,28.36,60.83,100,low
SC06489,29.46,98.95,10,high
SC06490,37.3,44.18,10,high
SC06491,34.3,22.47,62,medium
SC06492,26.07,33.25,52,high
SC06493,29.09,51.61,88,low
SC06494,23.88,45.31,57,medium
SC06495,44.08,27.76,18,high
SC06496,21.53,54.61,31,medium
SC06497,28.04,47.05,49,low
SC06498,18.7,29.81,71,low
SC06499,23.99,43.69,54,medium
SC06500,39.07,90.91,75,medium
SC06501,23.43,44.16,40,low
SC06502,20.16,77.12,98,medium
SC06503,30.81,68.96,69,low
SC06504,18.27,54.17,20,medium
SC06505,20.29,39.12,25,high
SC06506,39.81,49.52,0,medium
SC06507,38.83,67.37,80,medium
SC06508,42.71,48.06,98,low
SC06509,41.07,37.19,26,low
SC06510,36.45,29.32,49,low
SC06511,19.41,90.38,65,high
SC06512,39.14,55.23,99,low
SC06513,40.83,70.02,64,medium
SC06514,39.58,59.23,9,high
SC06515,31.73,89.81,94,high
SC06516,24.29,63.75,36,medium
SC06517,40.82,58.46,68,medium
SC06518,37.63,93.97,40,low
SC06519,44.48,77.58,45,low
SC06520,22.2,28.92,76,medium
SC06521,24.09,34.22,44,low
SC06522,23.72,82.97,87,low
SC06523,39.4,86.87,26,high
SC06524,23.05,63.62,64,medium
SC06525,19.8,64.36,83,low
SC06526,44.96,70.55,7,low
SC06527,18.67,55.13,66,medium
SC06528,40.55,74.42,48,low
SC06529,27.86,28.68,95,low
SC06530,40.72,96.9,88,high
SC06531,32.97,80.01,88,low
SC06532,42.34,70.49,13,low
SC06533,43.01,45.31,61,medium
SC06534,18.25,32.88,42,high
SC06535,20.04,52.75,26,high
SC06536,24.76,72.93,95,high
SC06537,36.07,70.7,26,medium
SC06538,41.98,50.61,67,high
SC06539,30.42,69.06,74,high
SC06540,34.39,85.1,47,medium
SC06541,23.09,22.1,66,low
SC06542,39.73,56.05,24,high
SC06543,44.12,80.68,63,high
SC06544,25.25,63.69,23,high
SC06545,31.36,72.12,8,low
SC06546,20.33,61.33,7,high
SC06547,33.1,99.35,94,medium
SC06548,31.58,24.37,58,low
SC06549,21.9,59.28,16,high
SC06550,29.94,27.31,42,high
SC06551,27.02,32.78,94,medium
SC06552,32.09,50.64,67,high
SC06553,33.81,32.44,3,medium
SC06554,18.23,97.09,100,medium
SC06555,38.55,95.74,7,high
SC06556,37.25,46.89,41,high
SC06557,27.89,71.18,48,low
SC06558,19.43,62.7,5,medium
SC06559,38.38,85.25,72,medium
SC06560,43.79,70.2,41,high
SC06561,24.48,20.02,71,high
SC06562,26.74,81.05,31,high
SC06563,22.96,79.75,14,medium
SC06564,33.58,60.78,81,high
SC06565,22.18,92.23,86,high
SC06566,27.62,92.68,68,low
SC06567,36.82,61.91,26,medium
SC06568,33.12,68.64,96,medium
SC06569,28.43,99.72,65,high
SC06570,29.35,43.91,58,medium
SC06571,33.18,45.97,27,high
SC06572,18.16,34.62,23,low
SC06573,20.12,91.67,50,low
SC06574,41.79,79.56,20,high
SC06575,20.1,28.45,30,medium
SC06576,37.08,98.54,74,low
SC06577,42.84,78.48,49,low
SC06578,25.31,88.04,91,low
SC06579,28.0,23.85,39,high
SC06580,33.36,60.4,67,high
SC06581,41.81,75.89,15,medium
SC06582,43.43,63.44,75,high
SC06583,37.97,73.33,85,medium
SC06584,20.34,85.43,98,low
SC06585,36.07,49.95,62,high
SC06586,29.08,87.89,55,medium
SC06587,30.71,33.03,79,low
SC06588,19.33,41.67,23,high
SC06589,23.16,23.47,98,low
SC06590,39.34,49.15,27,low
SC06591,30.26,50.39,92,low
SC06592,26.14,84.42,84,high
SC06593,28.37,72.25,88,medium
SC06594,41.07,54.94,30,low
SC06595,38.22,72.17,14,high
SC06596,25.35,24.22,41,high
SC06597,21.17,34.42,98,medium
SC06598,24.8,70.16,49,low
SC06599,42.86,71.31,85,medium
SC06600,33.7,81.93,4,low
SC06601,32.4,52.24,47,medium
SC06602,34.1,77.8,12,medium
SC06603,27.88,74.72,31,medium
SC06604,39.79,97.07,66,medium
SC06605,32.13,37.21,78,medium
SC06606,21.15,64.13,90,high
SC06607,21.48,68.14,90,medium
SC06608,32.5,99.89,29,medium
SC06609,43.29,36.09,5,high
SC06610,26.33,61.86,24,low
SC06611,41.48,47.69,27,low
SC06612,38.63,62.07,61,high
SC06613,24.69,38.57,21,medium
SC06614,18.98,23.81,67,medium
SC06615,20.75,65.81,14,high
SC06616,37.67,46.87,25,medium
SC06617,23.39,34.56,62,high
SC06618,28.02,45.91,17,high
SC06619,31.55,23.94,72,low
SC06620,37.59,96.04,62,medium
SC06621,21.06,66.49,61,high
SC06622,28.97,85.18,67,medium
SC06623,31.1,53.85,47,high
SC06624,32.6,92.27,49,medium
SC06625,40.1,58.67,62,low
SC06626,22.64,65.92,68,low
SC06627,39.81,59.34,5,medium
SC06628,36.71,78.66,57,medium
SC06629,33.01,65.33,50,medium
SC06630,36.89,41.73,11,high
SC06631,29.12,31.64,94,low
SC06632,21.74,68.49,46,medium
SC06633,35.98,59.13,8,medium
SC06634,32.17,27.68,6,high
SC06635,35.26,51.65,28,medium
SC06636,27.13,61.18,77,high
SC06637,42.49,86.15,50,high
SC06638,33.86,26.09,83,medium
SC06639,20.31,47.88,54,low
SC06640,30.14,85.81,95,low
SC06641,38.42,71.87,58,low
SC06642,39.44,43.2,55,low
SC06643,31.35,87.63,21,medium
SC06644,42.16,59.46,99,medium
SC06645,25.23,59.87,17,low
SC06646,29.09,98.13,57,low
SC06647,42.26,95.77,39,high
SC06648,42.2,48.68,88,low
SC06649,36.51,31.25,30,low
SC06650,41.19,46.05,55,high
SC06651,20.4,22.44,34,low
SC06652,41.35,21.66,25,low
SC06653,26.66,51.64,67,low
SC06654,22.81,95.28,83,high
SC06655,24.46,89.71,33,medium
SC06656,29.29,60.92,75,low
SC06657,24.78,65.22,15,medium
SC06658,26.66,20.47,41,low
SC06659,21.64,37.24,4,medium
SC06660,26.0,21.98,60,medium
SC06661,33.45,80.36,43,low
SC06662,29.93,31.65,34,medium
SC06663,27.36,89.52,90,medium
SC06664,38.15,71.47,0,high
SC06665,42.12,38.35,97,high
SC06666,38.43,32.62,42,medium
SC06667,26.96,70.21,31,high
SC06668,38.1,92.07,62,medium
SC06669,22.1,77.47,32,high
SC06670,21.52,47.88,94,medium
SC06671,27.33,66.99,76,medium
SC06672,39.81,44.86,65,high
SC06673,24.65,99.93,29,high
SC06674,19.71,79.91,9,low
SC06675,21.56,69.15,22,low
SC06676,41.19,53.86,96,high
SC06677,35.11,69.45,38,medium
SC06678,24.84,47.33,44,high
SC06679,32.99,22.31,28,high
SC06680,32.24,51.61,29,high
SC06681,35.7,94.44,33,medium
SC06682,24.3,70.1,51,low
SC06683,41.34,26.72,80,medium
SC06684,26.35,90.8,21,high
SC06685,36.74,41.51,4,high
SC06686,18.44,39.5,10,medium
SC06687,28.06,43.77,85,high
SC06688,27.5,66.18,31,medium
SC06689,32.67,63.58,23,high
SC06690,19.96,59.31,10,low
SC06691,39.33,77.4,10,low
SC06692,23.88,45.32,16,medium
SC06693,36.28,82.57,31,medium
SC06694,39.69,34.03,82,high
SC06695,33.17,82.61,26,low
SC06696,38.0,73.1,31,high
SC06697,35.87,74.66,60,high
SC06698,27.6,58.52,24,low
SC06699,39.84,73.36,63,high
SC06700,25.96,26.38,63,medium
SC06701,33.42,88.12,27,high
SC06702,38.13,24.44,39,low
SC06703,28.23,31.9,90,high
SC06704,26.17,66.14,13,medium
SC06705,30.4,79.15,41,high
SC06706,40.09,26.1,38,medium
SC06707,43.11,93.66,1,medium
SC06708,32.72,97.89,80,low
SC06709,35.86,68.48,0,low
SC06710,42.39,58.5,31,medium
SC06711,20.66,79.31,82,high
SC06712,24.27,46.27,63,low
SC06713,37.14,59.46,77,high
SC06714,40.24,93.29,30,high
SC06715,41.14,96.45,57,medium
SC06716,29.21,94.17,81,low
SC06717,20.41,41.0,77,high
SC06718,29.82,38.6,13,low
SC06719,24.23,43.81,87,low
SC06720,25.86,55.3,68,low
SC06721,38.85,45.13,15,high
SC06722,20.04,49.94,68,medium
SC06723,40.34,69.65,53,low
SC06724,29.55,81.0,12,low
SC06725,34.09,78.84,79,medium
SC06726,20.42,85.15,78,low
SC06727,27.11,22.57,30,high
SC06728,20.42,23.82,68,medium
SC06729,43.96,83.15,20,high
SC06730,39.8,62.65,29,low
SC06731,30.41,66.25,22,medium
SC06732,24.04,24.21,37,low
SC06733,43.2,40.43,28,high
SC06734,27.3,71.07,76,high
SC06735,22.35,88.73,31,low
SC06736,33.21,93.36,61,low
SC06737,43.48,60.03,90,high
SC06738,18.1,63.64,97,low
SC06739,24.43,86.64,44,medium
SC06740,43.34,63.01,48,medium
SC06741,22.62,61.35,32,low
SC06742,21.06,92.41,3,medium
SC06743,33.4,83.19,17,medium
SC06744,41.27,92.73,69,medium
SC06745,30.88,37.46,63,medium
SC06746,44.85,61.95,27,high
SC06747,36.34,87.4,57,low
SC06748,20.0,28.89,90,medium
SC06749,44.81,83.57,89,low
SC06750,29.01,34.64,55,high
SC06751,25.76,84.65,19,low
SC06752,33.06,68.96,76,high
SC06753,26.22,35.46,91,medium
SC06754,20.33,57.87,33,high
SC06755,18.04,74.55,86,medium
SC06756,30.14,70.71,9,medium
SC06757,40.6,54.18,93,high
SC06758,33.45,91.95,21,medium
SC06759,44.98,61.54,4,high
SC06760,25.74,60.47,43,low
SC06761,25.57,24.98,8,medium
SC06762,22.31,93.77,42,high
SC06763,22.43,34.17,3,high
SC06764,25.7,62.27,41,high
SC06765,39.41,84.29,64,medium
SC06766,42.46,37.24,97,high
SC06767,44.33,62.19,40,low
SC06768,24.27,39.25,63,low
SC06769,41.8,80.78,54,low
SC06770,26.86,65.15,89,high
SC06771,21.05,88.48,17,low
SC06772,41.49,91.56,15,high
SC06773,35.17,71.9,86,low
SC06774,22.45,78.03,45,low
SC06775,29.61,63.94,35,medium
SC06776,25.76,50.75,89,medium
SC06777,37.89,71.85,65,low
SC06778,30.24,92.66,43,medium
SC06779,44.71,53.33,4,low
SC06780,19.48,45.15,28,medium
SC06781,27.59,51.07,3,low
SC06782,31.01,54.83,98,medium
SC06783,31.58,25.88,85,low
SC06784,26.53,59.88,48,medium
SC06785,37.69,59.55,71,low
SC06786,41.62,67.08,84,medium
SC06787,43.35,49.03,7,medium
SC06788,39.74,69.05,51,high
SC06789,40.97,90.26,68,medium
SC06790,32.86,96.44,20,high
SC06791,40.3,66.69,26,high
SC06792,26.19,23.41,37,high
SC06793,28.76,97.54,4,high
SC06794,26.56,76.47,84,medium
SC06795,30.62,46.88,60,medium
SC06796,25.71,31.77,7,medium
SC06797,43.96,31.47,85,low
SC06798,26.45,33.42,17,medium
SC06799,20.65,23.65,3,medium
SC06800,32.22,92.17,3,high
SC06801,19.54,63.26,36,medium
SC06802,20.98,76.0,14,low
SC06803,23.92,86.25,37,medium
SC06804,30.54,83.32,26,high
SC06805,29.7,90.61,84,low
SC06806,39.59,97.38,47,medium
SC06807,37.97,55.13,45,high
SC06808,29.51,96.03,45,medium
SC06809,27.01,77.86,47,high
SC06810,26.54,25.65,58,high
SC06811,38.9,74.54,3,low
SC06812,19.41,74.94,74,low
SC06813,18.35,92.47,18,low
SC06814,39.48,49.83,56,medium
SC06815,30.88,66.79,18,high
SC06816,21.53,20.98,90,low
SC06817,24.36,46.57,41,high
SC06818,43.18,24.98,91,low
SC06819,41.21,61.75,4,high
SC06820,37.16,85.4,47,low
SC06821,31.02,36.52,24,medium
SC06822,32.05,62.2,66,low
SC06823,44.33,36.32,25,low
SC06824,44.08,29.66,73,low
SC06825,23.81,60.88,87,low
SC06826,39.9,26.33,61,low
SC06827,23.33,66.99,92,medium
SC06828,23.77,22.51,6,medium
SC06829,36.25,28.54,43,high
SC06830,28.94,64.0,86,medium
SC06831,43.15,67.31,26,high
SC06832,20.4,22.32,41,high
SC06833,31.81,65.87,72,high
SC06834,42.8,87.08,55,medium
SC06835,42.41,77.79,2,low
SC06836,22.23,30.49,12,medium
SC06837,27.9,67.4,69,medium
SC06838,34.72,73.78,58,low
SC06839,22.3,22.98,37,medium
SC06840,44.14,88.43,84,low
SC06841,42.7,92.5,82,low
SC06842,22.51,88.04,88,high
SC06843,21.27,85.97,67,low
SC06844,20.31,79.6,85,low
SC06845,42.55,70.67,68,low
SC06846,23.23,74.29,0,medium
SC06847,29.24,84.51,49,low
SC06848,30.12,73.0,80,medium
SC06849,34.17,46.22,72,low
SC06850,19.94,50.08,8,low
SC06851,24.12,91.76,52,low
SC06852,43.15,21.37,87,medium
SC06853,42.53,75.91,9,low
SC06854,39.09,96.38,83,high
SC06855,18.52,76.5,80,medium
SC06856,26.83,99.51,76,medium
SC06857,34.95,75.0,28,medium
SC06858,25.43,22.75,35,medium
SC06859,42.56,86.16,86,high
SC06860,35.12,42.77,26,low
SC06861,19.94,55.68,17,low
SC06862,42.54,44.97,17,low
SC06863,43.86,41.48,8,high
SC06864,20.1,54.51,66,high
SC06865,32.37,50.3,6,high
SC06866,26.19,70.67,57,medium
SC06867,28.61,85.05,78,high
SC06868,22.85,43.77,29,low
SC06869,33.61,37.1,72,medium
SC06870,43.87,73.35,60,high
SC06871,31.58,73.63,90,high
SC06872,20.24,92.09,99,low
SC06873,34.74,21.28,81,high
SC06874,27.19,88.24,94,low
SC06875,41.11,61.68,16,low
SC06876,29.74,69.7,52,high
SC06877,23.21,27.31,5,low
SC06878,23.16,54.61,38,low
SC06879,38.76,38.18,24,medium
SC06880,25.17,40.34,41,medium
SC06881,38.72,60.33,41,low
SC06882,23.56,85.0,58,low
SC06883,26.69,79.5,37,high
SC06884,30.57,67.28,30,low
SC06885,43.47,63.15,28,medium
SC06886,43.16,54.18,8,high
SC06887,23.59,97.82,0,medium
SC06888,27.67,64.82,79,low
SC06889,22.03,40.32,86,medium
SC06890,31.77,38.41,71,medium
SC06891,30.44,68.91,46,high
SC06892,42.32,61.83,75,medium
SC06893,43.11,20.62,9,low
SC06894,28.36,86.41,15,low
SC06895,31.28,76.33,46,medium
SC06896,42.2,72.95,42,high
SC06897,39.78,25.5,23,medium
SC06898,18.1,48.96,7,low
SC06899,26.64,94.83,74,high
SC06900,29.39,89.01,25,medium
SC06901,24.2,42.84,6,high
SC06902,23.39,32.56,78,medium
SC06903,19.02,55.93,14,medium
SC06904,35.37,48.47,47,medium
SC06905,25.09,74.58,2,high
SC06906,19.41,97.31,15,high
SC06907,24.24,49.04,78,high
SC06908,39.65,24.98,88,low
SC06909,40.99,91.81,96,medium
SC06910,31.04,23.04,13,low
SC06911,29.23,96.22,87,high
SC06912,44.4,73.17,74,low
SC06913,23.42,95.34,2,low
SC06914,23.81,35.97,72,low
SC06915,25.88,23.26,69,low
SC06916,22.66,59.06,30,low
SC06917,28.24,56.05,79,low
SC06918,42.59,46.52,74,low
SC06919,34.61,96.61,16,low
SC06920,29.12,85.81,48,high
SC06921,43.23,72.93,2,low
SC06922,19.31,33.03,82,high
SC06923,23.68,78.75,87,high
SC06924,33.28,78.16,54,low
SC06925,34.62,54.01,71,low
SC06926,19.07,93.98,99,low
SC06927,28.88,33.36,39,medium
SC06928,35.53,41.39,65,medium
SC06929,36.85,25.06,86,low
SC06930,35.23,83.64,39,low
SC06931,26.66,69.74,29,medium
SC06932,20.53,45.2,24,low
SC06933,29.53,33.11,6,high
SC06934,21.48,23.21,91,medium
SC06935,43.59,33.34,49,low
SC06936,30.83,56.26,80,low
SC06937,26.57,39.77,95,medium
SC06938,38.69,40.72,0,low
SC06939,31.44,90.05,90,low
SC06940,26.37,61.21,43,low
SC06941,39.92,78.34,99,low
SC06942,41.41,22.86,48,medium
SC06943,36.17,49.21,6,low
SC06944,19.27,58.33,2,high
SC06945,33.29,34.91,93,low
SC06946,38.61,29.62,0,medium
SC06947,21.69,89.62,50,medium
SC06948,24.17,95.15,97,medium
SC06949,41.83,26.3,37,medium
SC06950,18.54,47.92,42,low
SC06951,38.32,96.66,54,high
SC06952,30.79,26.65,56,medium
SC06953,30.06,71.49,52,low
SC06954,18.19,97.78,99,low
SC06955,40.12,98.26,32,low
SC06956,27.72,57.7,79,medium
SC06957,32.6,33.02,61,low
SC06958,36.29,36.17,10,high
SC06959,36.97,91.17,71,low
SC06960,43.81,92.93,51,medium
SC06961,32.35,68.63,0,high
SC06962,28.79,81.29,13,high
SC06963,43.75,79.19,93,low
SC06964,35.34,72.95,84,high
SC06965,26.05,86.18,20,high
SC06966,21.41,74.83,33,high
SC06967,40.75,62.72,89,high
SC06968,27.78,38.96,13,high
SC06969,35.83,79.51,39,medium
SC06970,30.71,57.88,34,high
SC06971,23.37,43.58,41,medium
SC06972,34.25,84.16,81,medium
SC06973,19.64,75.74,19,medium
SC06974,29.16,94.99,59,high
SC06975,32.76,33.24,8,low
SC06976,29.77,71.94,32,high
SC06977,38.21,39.54,48,low
SC06978,40.35,92.29,67,medium
SC06979,38.82,27.96,3,low
SC06980,19.05,72.49,47,medium
SC06981,23.24,83.29,15,high
SC06982,32.49,48.39,46,medium
SC06983,43.24,96.33,25,medium
SC06984,40.54,88.06,69,low
SC06985,40.75,43.57,36,high
SC06986,26.19,20.6,21,high
SC06987,29.6,43.73,6,medium
SC06988,30.71,42.5,41,low
SC06989,22.25,91.2,29,medium
SC06990,18.84,97.37,73,medium
SC06991,43.57,25.64,78,low
SC06992,24.5,57.7,5,high
SC06993,24.48,63.87,23,high
SC06994,20.25,27.43,65,low
SC06995,43.07,50.2,39,high
SC06996,33.65,45.37,14,low
SC06997,36.01,62.88,52,medium
SC06998,42.61,72.9,84,medium
SC06999,27.33,76.28,81,low
SC07000,34.78,30.94,4,low
SC07001,19.05,85.04,88,low
SC07002,23.04,74.28,35,high
SC07003,40.44,91.13,73,high
SC07004,38.7,55.95,45,medium
SC07005,27.47,91.51,22,medium
SC07006,28.17,89.26,87,medium
SC07007,32.41,55.07,44,medium
SC07008,18.01,50.49,9,high
SC07009,24.51,94.62,53,medium
SC07010,23.62,77.21,69,low
SC07011,24.76,94.26,76,low
SC07012,39.76,83.76,84,high
SC07013,25.55,68.74,31,low
SC07014,23.17,29.27,42,high
SC07015,31.62,43.32,14,low
SC07016,41.37,97.51,65,medium
SC07017,24.52,45.55,14,low
SC07018,20.12,27.46,80,high
SC07019,27.62,76.6,19,medium
SC07020,38.19,78.72,49,low
SC07021,32.87,42.84,5,low
SC07022,40.05,43.81,78,low
SC07023,43.91,57.51,16,high
SC07024,39.4,21.74,25,high
SC07025,34.3,83.15,21,high
SC07026,31.32,45.37,72,low
SC07027,19.08,88.3,63,medium
SC07028,44.58,84.21,75,high
SC07029,28.35,72.91,85,high
SC07030,22.11,45.99,57,low
SC07031,36.0,61.31,86,medium
SC07032,25.68,55.59,36,high
SC07033,33.82,47.11,77,medium
SC07034,33.84,87.85,87,low
SC07035,30.03,58.68,71,low
SC07036,40.58,86.62,89,high
SC07037,25.15,28.42,95,low
SC07038,30.11,31.28,27,medium
SC07039,32.52,98.19,95,high
SC07040,35.92,67.02,85,medium
SC07041,39.17,60.78,48,high
SC07042,28.66,61.85,72,low
SC07043,35.44,37.22,66,high
SC07044,22.07,77.5,88,low
SC07045,43.18,26.78,75,low
SC07046,28.34,65.87,92,low
SC07047,37.7,65.66,66,medium
SC07048,18.55,93.14,40,medium
SC07049,23.54,62.09,45,medium
SC07050,31.15,30.97,86,low
SC07051,41.71,65.82,86,medium
SC07052,32.24,27.31,54,low
SC07053,43.11,36.3,81,low
SC07054,31.06,22.49,10,medium
SC07055,31.24,61.06,99,low
SC07056,21.23,26.76,25,medium
SC07057,39.67,57.55,71,medium
SC07058,24.67,94.64,91,low
SC07059,42.29,77.58,81,high
SC07060,42.59,26.19,12,medium
SC07061,43.47,37.94,35,low
SC07062,32.05,73.89,63,medium
SC07063,36.28,91.58,50,medium
SC07064,39.02,22.63,75,high
SC07065,21.54,85.0,21,high
SC07066,34.23,64.95,59,high
SC07067,18.93,63.69,1,high
SC07068,31.43,96.63,55,medium
SC07069,22.18,79.81,39,medium
SC07070,22.94,88.01,27,low
SC07071,27.86,48.32,76,high
SC07072,29.68,64.35,96,low
SC07073,34.83,69.23,2,medium
SC07074,20.01,45.73,62,low
SC07075,31.6,65.62,97,low
SC07076,22.93,38.93,22,low
SC07077,33.5,31.47,54,low
SC07078,35.21,49.92,31,low
SC07079,33.03,79.14,83,low
SC07080,37.93,93.29,27,medium
SC07081,27.06,56.62,7,medium
SC07082,38.66,71.43,2,medium
SC07083,29.68,28.24,93,medium
SC07084,31.07,92.36,88,high
SC07085,35.5,65.49,52,medium
SC07086,18.5,82.43,93,low
SC07087,35.66,83.56,28,low
SC07088,34.7,40.52,93,low
SC07089,26.37,62.33,97,high
SC07090,20.32,96.84,88,low
SC07091,20.46,27.17,80,high
SC07092,42.93,74.64,58,low
SC07093,36.61,96.98,23,medium
SC07094,21.43,44.05,37,high
SC07095,27.63,88.92,27,low
SC07096,34.0,94.69,96,medium
SC07097,40.56,79.77,61,high
SC07098,19.18,38.51,99,low
SC07099,24.39,46.72,50,medium
SC07100,42.02,22.86,6,medium
SC07101,18.25,86.52,22,high
SC07102,23.44,87.97,45,high
SC07103,43.89,70.62,89,low
SC07104,34.56,48.2,77,high
SC07105,25.07,26.14,27,low
SC07106,19.81,80.24,23,low
SC07107,18.76,78.12,6,medium
SC07108,24.61,93.01,99,high
SC07109,41.8,78.44,78,high
SC07110,29.23,86.3,48,medium
SC07111,37.45,79.68,2,medium
SC07112,42.79,70.45,1,high
SC07113,29.02,54.16,6,high
SC07114,23.16,92.17,79,medium
SC07115,31.96,72.08,20,low
SC07116,42.52,51.87,8,high
SC07117,39.72,26.68,11,high
SC07118,19.78,43.26,92,high
SC07119,36.7,63.5,23,low
SC07120,33.44,42.05,32,high
SC07121,42.5,37.7,77,high
SC07122,21.31,62.19,42,medium
SC07123,32.42,33.59,81,high
SC07124,41.75,84.03,4,high
SC07125,29.07,58.75,78,medium
SC07126,31.01,65.91,70,medium
SC07127,19.9,31.79,88,low
SC07128,25.51,45.97,13,medium
SC07129,26.76,52.81,35,low
SC07130,43.52,84.66,34,low
SC07131,25.63,81.61,49,high
SC07132,30.44,37.84,87,low
SC07133,36.13,69.29,78,high
SC07134,22.38,39.48,10,medium
SC07135,31.13,99.06,23,medium
SC07136,37.94,96.17,74,low
SC07137,41.41,65.06,43,low
SC07138,34.91,75.91,50,low
SC07139,36.06,84.11,16,low
SC07140,21.41,77.68,69,high
SC07141,43.54,75.99,84,high
SC07142,21.58,96.68,7,high
SC07143,38.92,67.72,78,high
SC07144,25.15,70.9,95,medium
SC07145,43.21,87.94,73,medium
SC07146,37.44,73.59,27,low
SC07147,38.35,78.63,78,high
SC07148,23.91,38.73,11,low
SC07149,29.96,49.7,42,medium
SC07150,34.68,31.78,81,low
SC07151,38.79,60.46,36,medium
SC07152,20.81,56.46,87,low
SC07153,43.98,99.77,62,low
SC07154,42.04,68.9,100,medium
SC07155,25.3,82.92,92,low
SC07156,40.21,46.72,62,low
SC07157,31.99,86.52,9,medium
SC07158,30.47,69.21,77,medium
SC07159,26.49,75.76,79,high
SC07160,33.69,43.55,36,medium
SC07161,37.71,63.89,10,high
SC07162,29.1,70.72,89,low
SC07163,34.99,67.13,18,medium
SC07164,36.88,93.22,51,medium
SC07165,37.2,91.86,17,low
SC07166,19.4,97.68,93,low
SC07167,41.21,73.39,31,medium
SC07168,30.37,97.75,22,medium
SC07169,25.09,86.6,11,low
SC07170,24.53,41.67,57,low
SC07171,31.04,54.19,76,high
SC07172,41.94,39.07,20,low
SC07173,28.22,20.34,20,high
SC07174,38.24,35.04,92,high
SC07175,20.61,20.32,92,high
SC07176,30.85,77.59,90,low
SC07177,44.78,54.04,28,low
SC07178,38.8,45.01,78,high
SC07179,23.68,80.94,46,low
SC07180,31.54,86.6,11,low
SC07181,24.31,98.02,57,low
SC07182,29.06,71.36,40,low
SC07183,39.06,56.92,18,high
SC07184,38.82,44.42,11,high
SC07185,24.16,37.79,22,high
SC07186,42.9,37.03,4,medium
SC07187,34.0,52.74,25,low
SC07188,28.26,99.34,62,medium
SC07189,31.55,20.07,51,low
SC07190,34.34,35.78,9,low
SC07191,33.12,35.07,85,low
SC07192,31.13,77.37,38,medium
SC07193,31.63,48.2,22,low
SC07194,22.76,56.58,10,high
SC07195,39.94,31.89,91,high
SC07196,32.63,52.4,94,low
SC07197,21.54,28.26,71,medium
SC07198,38.69,62.64,47,high
SC07199,43.18,27.84,91,high
SC07200,43.58,83.24,15,high
SC07201,27.96,65.33,45,low
SC07202,21.66,77.92,46,low
SC07203,32.0,53.48,94,low
SC07204,21.04,50.52,47,medium
SC07205,43.22,27.86,79,medium
SC07206,22.96,61.91,68,high
SC07207,24.82,61.16,98,low
SC07208,28.98,57.45,24,high
SC07209,28.35,79.24,76,low
SC07210,39.46,86.6,92,medium
SC07211,30.32,80.06,90,medium
SC07212,22.61,31.51,80,low
SC07213,25.21,69.76,36,high
SC07214,31.75,26.43,62,medium
SC07215,21.98,75.57,28,high
SC07216,34.51,50.55,57,high
SC07217,33.28,30.6,97,high
SC07218,37.3,88.96,93,medium
SC07219,43.32,69.12,30,medium
SC07220,42.63,48.38,85,low
SC07221,43.54,22.46,88,medium
SC07222,24.61,62.98,67,high
SC07223,21.55,93.86,98,low
SC07224,26.16,67.71,40,high
SC07225,42.17,97.73,49,high
SC07226,44.25,30.92,43,high
SC07227,41.2,65.46,8,low
SC07228,20.97,83.85,58,medium
SC07229,43.58,62.04,89,low
SC07230,29.43,27.29,90,high
SC07231,18.25,66.63,26,low
SC07232,29.94,68.94,81,low
SC07233,19.24,78.3,93,low
SC07234,32.68,80.9,58,medium
SC07235,27.14,81.66,94,medium
SC07236,30.78,73.08,2,medium
SC07237,34.56,37.26,92,high
SC07238,41.46,52.34,6,low
SC07239,35.87,82.09,81,high
SC07240,29.72,96.27,15,medium
SC07241,40.12,26.32,48,low
SC07242,42.45,62.84,31,high
SC07243,21.23,45.0,88,low
SC07244,32.36,38.03,43,high
SC07245,25.68,60.46,95,high
SC07246,19.27,68.49,18,medium
SC07247,36.05,20.78,2,low
SC07248,41.29,82.42,59,medium
SC07249,22.4,85.59,34,high
SC07250,39.94,97.24,28,medium
SC07251,41.04,34.45,74,high
SC07252,42.69,67.56,69,medium
SC07253,25.16,54.13,82,low
SC07254,42.41,46.79,100,low
SC07255,26.66,65.25,44,medium
SC07256,32.91,82.59,26,high
SC07257,19.36,21.84,68,low
SC07258,19.18,97.55,89,low
SC07259,37.45,84.79,34,low
SC07260,30.0,80.09,18,medium
SC07261,24.92,80.83,16,medium
SC07262,23.14,51.12,34,medium
SC07263,36.09,80.13,76,low
SC07264,18.01,50.94,77,medium
SC07265,39.76,91.9,29,high
SC07266,20.14,34.18,47,low
SC07267,23.17,43.39,56,low
SC07268,28.43,64.11,16,medium
SC07269,31.09,45.54,100,high
SC07270,27.58,53.94,14,low
SC07271,26.66,59.39,81,high
SC07272,44.03,88.51,13,low
SC07273,35.32,61.86,13,low
SC07274,18.63,49.0,44,medium
SC07275,29.61,39.82,96,high
SC07276,41.63,52.69,37,medium
SC07277,26.14,61.26,62,medium
SC07278,20.55,79.69,74,low
SC07279,38.48,29.68,10,medium
SC07280,34.36,37.73,47,low
SC07281,33.4,50.37,25,medium
SC07282,19.45,48.83,66,medium
SC07283,21.79,51.34,24,high
SC07284,34.81,83.48,80,medium
SC07285,23.61,45.93,60,medium
SC07286,31.61,60.15,85,medium
SC07287,32.71,69.91,92,high
SC07288,25.65,38.57,25,high
SC07289,43.61,77.5,33,high
SC07290,40.75,63.77,89,medium
SC07291,37.5,55.74,8,medium
SC07292,20.11,84.78,39,low
SC07293,20.87,39.48,74,high
SC07294,31.31,90.65,6,low
SC07295,22.34,64.88,29,low
SC07296,44.41,68.73,65,medium
SC07297,22.28,90.0,29,low
SC07298,31.16,85.41,67,high
SC07299,27.83,68.12,57,high
SC07300,35.26,80.26,54,medium
SC07301,21.48,54.67,13,low
SC07302,29.62,63.79,76,medium
SC07303,25.42,24.97,88,medium
SC07304,41.97,27.19,76,low
SC07305,19.1,86.35,76,high
SC07306,42.67,24.77,36,low
SC07307,40.49,33.55,43,high
SC07308,26.03,83.67,5,high
SC07309,39.31,20.09,25,high
SC07310,18.84,42.59,13,medium
SC07311,44.11,66.72,7,medium
SC07312,32.22,67.64,23,high
SC07313,26.19,82.17,85,high
SC07314,27.79,60.47,38,high
SC07315,19.79,60.75,48,high
SC07316,44.71,78.02,84,medium
SC07317,19.06,59.89,62,low
SC07318,35.68,68.68,25,low
SC07319,29.95,91.82,9,medium
SC07320,43.62,52.12,76,medium
SC07321,24.64,50.81,57,medium
SC07322,32.37,20.28,13,medium
SC07323,31.02,69.07,72,medium
SC07324,36.98,22.38,70,low
SC07325,19.84,60.33,38,high
SC07326,23.23,84.34,30,high
SC07327,23.79,63.99,49,high
SC07328,37.93,41.57,15,low
SC07329,23.11,82.89,71,medium
SC07330,33.48,41.58,50,high
SC07331,23.81,78.64,14,medium
SC07332,41.26,68.82,88,medium
SC07333,43.44,33.6,37,low
SC07334,32.0,92.41,78,low
SC07335,27.51,36.05,88,low
SC07336,24.32,99.17,70,low
SC07337,19.34,20.58,89,medium
SC07338,25.25,41.08,71,medium
SC07339,35.66,35.99,81,high
SC07340,32.41,21.12,20,low
SC07341,43.49,78.59,15,medium
SC07342,28.7,75.47,66,medium
SC07343,36.73,83.39,64,high
SC07344,31.21,40.54,12,low
SC07345,31.84,55.55,63,low
SC07346,25.23,72.73,60,medium
SC07347,30.28,55.18,31,high
SC07348,30.71,75.79,11,high
SC07349,37.08,70.72,94,medium
SC07350,43.4,29.17,40,high
SC07351,26.89,82.48,65,medium
SC07352,19.14,77.65,7,low
SC07353,31.4,72.47,58,high
SC07354,32.7,32.41,24,low
SC07355,22.55,41.44,4,low
SC07356,38.53,51.45,44,high
SC07357,44.59,42.39,1,low
SC07358,43.54,38.22,41,low
SC07359,23.32,84.43,37,low
SC07360,41.63,71.06,2,medium
SC07361,37.02,65.24,45,low
SC07362,30.25,38.08,21,medium
SC07363,32.6,93.45,32,medium
SC07364,40.94,35.29,31,high
SC07365,30.96,83.6,16,medium
SC07366,28.08,97.33,81,medium
SC07367,31.32,78.17,55,medium
SC07368,33.64,99.43,2,low
SC07369,23.11,72.08,69,low
SC07370,42.32,37.4,48,medium
SC07371,36.2,36.31,54,high
SC07372,35.1,45.97,76,medium
SC07373,20.69,20.57,30,low
SC07374,34.31,74.54,80,low
SC07375,21.27,41.49,20,medium
SC07376,20.12,85.21,15,medium
SC07377,32.24,48.73,16,medium
SC07378,28.88,58.4,95,high
SC07379,33.9,97.26,0,high
SC07380,20.41,39.37,71,high
SC07381,29.64,77.7,64,high
SC07382,22.72,80.41,65,medium
SC07383,44.65,37.68,36,low
SC07384,33.15,60.08,23,medium
SC07385,36.56,48.02,90,medium
SC07386,26.79,81.75,83,high
SC07387,20.56,69.8,61,low
SC07388,44.35,58.08,20,high
SC07389,25.73,82.35,36,high
SC07390,29.44,38.81,34,high
SC07391,35.55,80.29,37,high
SC07392,18.67,89.23,52,low
SC07393,39.88,90.29,14,low
SC07394,32.49,82.69,41,low
SC07395,25.51,52.64,93,high
SC07396,19.66,98.54,3,low
SC07397,22.39,50.37,38,low
SC07398,42.17,71.09,78,medium
SC07399,36.52,32.89,22,medium
SC07400,24.75,98.44,14,medium
SC07401,19.77,76.32,89,high
SC07402,36.65,80.27,11,low
SC07403,33.46,25.26,81,medium
SC07404,28.92,81.07,69,medium
SC07405,27.82,81.98,81,low
SC07406,23.85,73.74,53,medium
SC07407,36.08,43.35,87,medium
SC07408,44.21,59.18,37,medium
SC07409,22.74,28.83,27,low
SC07410,34.12,57.73,78,high
SC07411,29.45,39.51,18,high
SC07412,30.06,47.93,68,low
SC07413,24.86,33.01,63,medium
SC07414,40.28,38.4,3,medium
SC07415,31.1,26.13,80,low
SC07416,32.67,93.59,9,medium
SC07417,26.23,62.43,11,low
SC07418,22.91,51.74,68,high
SC07419,20.32,62.8,6,medium
SC07420,37.28,70.26,43,high
SC07421,23.3,93.75,22,low
SC07422,36.63,34.3,1,low
SC07423,28.54,43.64,93,medium
SC07424,29.23,98.06,36,high
SC07425,30.67,49.7,68,medium
SC07426,27.93,21.8,19,high
SC07427,20.72,31.81,89,medium
SC07428,26.36,22.11,43,low
SC07429,35.92,99.19,69,medium
SC07430,35.98,42.31,92,medium
SC07431,25.73,93.88,73,low
SC07432,30.42,99.67,50,low
SC07433,23.22,67.99,79,medium
SC07434,23.68,22.66,97,medium
SC07435,18.62,26.53,30,high
SC07436,42.21,58.53,99,medium
SC07437,23.69,52.49,40,medium
SC07438,24.14,68.49,57,high
SC07439,25.55,55.11,4,medium
SC07440,21.44,94.73,32,medium
SC07441,35.26,62.78,42,high
SC07442,20.03,75.5,18,medium
SC07443,21.62,91.72,31,high
SC07444,35.41,31.75,86,medium
SC07445,27.17,38.38,2,low
SC07446,37.11,28.59,0,low
SC07447,33.05,31.17,99,low
SC07448,24.91,61.01,40,low
SC07449,35.57,45.69,91,medium
SC07450,21.14,53.85,47,medium
SC07451,32.48,98.6,38,medium
SC07452,29.8,32.54,4,medium
SC07453,25.23,63.26,76,medium
SC07454,34.31,27.91,10,low
SC07455,41.53,45.48,21,low
SC07456,44.97,62.2,86,medium
SC07457,34.41,95.73,63,low
SC07458,28.93,51.3,11,low
SC07459,24.08,25.19,52,low
SC07460,24.94,51.05,54,low
SC07461,30.95,31.66,52,low
SC07462,27.92,38.4,20,medium
SC07463,42.67,69.45,18,low
SC07464,27.94,25.39,68,low
SC07465,28.08,57.18,87,high
SC07466,28.36,68.76,93,low
SC07467,40.59,53.75,71,medium
SC07468,35.57,21.53,65,low
SC07469,34.58,98.84,58,high
SC07470,27.02,49.37,48,high
SC07471,40.08,82.29,97,medium
SC07472,19.04,46.05,58,low
SC07473,41.51,58.0,22,low
SC07474,31.84,51.08,2,high
SC07475,28.75,47.4,55,medium
SC07476,31.42,21.75,57,low
SC07477,36.02,48.8,87,high
SC07478,18.34,91.16,61,medium
SC07479,41.53,75.23,17,medium
SC07480,30.06,31.63,60,high
SC07481,27.26,67.29,36,high
SC07482,21.73,91.38,53,medium
SC07483,29.87,76.0,94,high
SC07484,31.4,31.89,77,high
SC07485,28.9,89.43,64,high
SC07486,36.32,44.12,13,low
SC07487,29.36,56.33,4,medium
SC07488,43.96,62.09,94,low
SC07489,34.18,88.04,94,high
SC07490,39.8,94.53,93,low
SC07491,20.95,94.37,99,medium
SC07492,28.73,20.64,61,low
SC07493,27.09,93.75,0,medium
SC07494,33.38,24.35,62,medium
SC07495,41.25,41.26,66,low
SC07496,20.12,61.2,19,high
SC07497,19.96,58.39,42,medium
SC07498,40.96,68.38,84,low
SC07499,23.75,58.36,93,high
SC07500,36.06,94.75,41,medium
SC07501,32.66,39.24,93,low
SC07502,40.49,41.92,68,high
SC07503,21.38,93.66,73,medium
SC07504,21.5,26.14,87,medium
SC07505,33.03,68.76,38,high
SC07506,43.55,74.54,61,medium
SC07507,29.2,60.44,47,medium
SC07508,26.83,75.54,5,low
SC07509,34.38,33.82,73,medium
SC07510,43.12,88.21,41,low
SC07511,40.6,31.2,57,medium
SC07512,44.88,52.06,42,medium
SC07513,18.61,26.02,9,medium
SC07514,21.05,63.62,88,high
SC07515,34.46,73.58,77,low
SC07516,40.16,95.3,38,low
SC07517,25.7,79.15,12,low
SC07518,24.46,63.29,74,high
SC07519,39.25,94.61,38,high
SC07520,19.52,58.27,10,high
SC07521,27.97,64.9,15,low
SC07522,31.66,67.69,32,medium
SC07523,33.13,52.8,59,medium
SC07524,37.67,87.08,95,medium
SC07525,27.58,34.81,58,high
SC07526,34.54,64.39,73,medium
SC07527,33.81,77.78,50,medium
SC07528,32.79,92.32,14,high
SC07529,35.29,90.71,79,low
SC07530,25.01,60.7,42,high
SC07531,20.29,71.45,26,medium
SC07532,21.22,51.54,55,high
SC07533,24.06,57.45,59,high
SC07534,31.51,92.5,95,medium
SC07535,40.69,94.46,69,low
SC07536,36.93,91.63,46,medium
SC07537,39.3,31.07,99,low
SC07538,27.48,88.01,7,high
SC07539,28.93,95.87,62,low
SC07540,28.63,48.9,88,low
SC07541,23.18,61.49,6,high
SC07542,19.65,82.33,80,low
SC07543,33.95,64.97,93,low
SC07544,44.71,99.48,1,high
SC07545,22.5,56.46,16,low
SC07546,19.26,77.12,3,low
SC07547,39.05,83.41,25,low
SC07548,24.82,59.53,77,high
SC07549,40.4,88.56,71,low
SC07550,37.01,63.69,68,medium
SC07551,43.53,52.93,4,medium
SC07552,29.04,28.63,4,low
SC07553,35.87,51.47,90,low
SC07554,30.55,78.71,68,high
SC07555,35.03,93.7,2,medium
SC07556,30.14,40.13,37,low
SC07557,23.09,48.42,93,low
SC07558,31.71,32.32,0,medium
SC07559,32.27,75.26,7,medium
SC07560,39.89,96.82,12,low
SC07561,37.86,71.28,83,low
SC07562,35.92,69.37,69,high
SC07563,21.06,64.28,49,medium
SC07564,37.46,27.08,7,low
SC07565,31.51,78.36,29,low
SC07566,42.14,68.16,39,medium
SC07567,42.84,72.92,78,low
SC07568,19.49,91.9,73,low
SC07569,40.16,82.72,32,high
SC07570,19.02,82.47,72,medium
SC07571,27.91,94.17,51,medium
SC07572,32.64,99.19,32,medium
SC07573,22.0,66.5,72,high
SC07574,38.15,28.71,77,low
SC07575,18.23,56.73,95,low
SC07576,22.55,83.01,36,low
SC07577,33.68,22.22,69,high
SC07578,37.29,24.55,68,medium
SC07579,42.75,25.37,3,low
SC07580,37.05,78.48,59,low
SC07581,36.14,60.09,79,high
SC07582,28.65,49.51,73,low
SC07583,18.03,28.45,30,high
SC07584,21.24,78.58,94,high
SC07585,32.43,45.68,13,low
SC07586,36.23,41.23,76,low
SC07587,29.27,72.19,59,low
SC07588,37.73,64.72,67,low
SC07589,32.09,48.99,25,medium
SC07590,20.0,71.32,23,low
SC07591,23.18,41.7,55,medium
SC07592,40.68,83.59,8,medium
SC07593,37.57,38.35,34,high
SC07594,42.16,32.71,78,medium
SC07595,21.17,82.6,23,low
SC07596,44.74,76.63,30,low
SC07597,23.65,34.61,82,medium
SC07598,18.32,29.3,65,low
SC07599,44.93,87.07,65,low
SC07600,25.59,82.13,40,high
SC07601,36.04,46.18,35,low
SC07602,22.77,72.66,100,low
SC07603,33.67,29.93,33,high
SC07604,42.41,60.56,38,low
SC07605,26.64,21.5,82,low
SC07606,36.1,51.33,22,low
SC07607,23.07,25.99,79,medium
SC07608,34.87,58.01,43,high
SC07609,27.08,53.73,69,medium
SC07610,23.7,55.55,57,low
SC07611,26.46,23.63,58,low
SC07612,22.83,48.93,25,medium
SC07613,42.35,80.52,21,high
SC07614,28.72,49.51,87,medium
SC07615,24.62,77.21,39,medium
SC07616,30.11,49.56,84,high
SC07617,26.65,53.86,93,low
SC07618,38.1,65.11,10,low
SC07619,44.22,96.05,8,high
SC07620,29.83,28.71,11,low
SC07621,41.25,22.63,25,low
SC07622,33.28,68.64,37,medium
SC07623,22.25,95.93,2,medium
SC07624,36.65,99.18,96,low
SC07625,31.86,58.73,14,high
SC07626,35.57,57.45,46,low
SC07627,42.02,71.6,4,medium
SC07628,29.89,64.45,53,low
SC07629,42.33,70.73,23,high
SC07630,38.27,89.92,10,low
SC07631,31.19,79.7,32,high
SC07632,34.29,59.75,86,low
SC07633,26.79,56.95,73,medium
SC07634,44.56,71.17,56,high
SC07635,36.02,56.46,51,low
SC07636,19.18,56.62,63,low
SC07637,26.82,21.3,42,medium
SC07638,34.83,33.93,91,low
SC07639,19.52,59.08,80,high
SC07640,18.64,85.81,43,low
SC07641,30.15,42.3,89,high
SC07642,26.98,61.81,88,high
SC07643,29.83,47.6,35,medium
SC07644,25.09,28.38,11,low
SC07645,22.45,96.66,55,low
SC07646,36.61,88.37,2,high
SC07647,31.89,26.28,49,high
SC07648,23.4,77.58,28,medium
SC07649,26.63,47.81,87,low
SC07650,33.98,99.59,82,low
SC07651,19.95,44.19,76,medium
SC07652,21.98,39.1,15,high
SC07653,19.98,65.43,39,low
SC07654,39.93,86.81,26,high
SC07655,38.32,35.4,69,low
SC07656,38.34,76.75,41,high
SC07657,37.34,24.91,56,medium
SC07658,36.07,93.51,9,high
SC07659,30.88,26.49,37,high
SC07660,35.34,93.14,7,medium
SC07661,19.04,59.26,17,high
SC07662,34.78,55.85,95,low
SC07663,39.0,97.86,16,high
SC07664,31.51,99.23,57,high
SC07665,27.65,72.01,65,low
SC07666,25.49,30.17,43,medium
SC07667,35.36,60.49,83,high
SC07668,36.71,62.33,73,low
SC07669,41.52,61.16,8,medium
SC07670,27.24,65.56,47,high
SC07671,38.78,21.5,38,low
SC07672,33.16,76.9,88,high
SC07673,41.84,76.99,88,medium
SC07674,32.25,29.24,87,low
SC07675,31.98,65.62,5,medium
SC07676,33.6,65.47,29,medium
SC07677,38.23,74.6,73,high
SC07678,44.05,26.83,94,medium
SC07679,19.99,70.12,17,medium
SC07680,19.44,42.46,42,medium
SC07681,43.31,60.56,32,high
SC07682,32.31,81.87,52,high
SC07683,34.6,76.45,55,high
SC07684,31.03,29.51,18,medium
SC07685,20.53,67.29,86,medium
SC07686,38.74,97.53,68,high
SC07687,38.18,32.54,25,high
SC07688,26.42,88.23,28,low
SC07689,26.27,76.2,23,medium
SC07690,40.62,81.92,5,medium
SC07691,19.95,42.56,53,low
SC07692,41.79,43.03,38,medium
SC07693,24.93,92.48,3,low
SC07694,34.01,48.79,57,high
SC07695,43.27,25.04,47,low
SC07696,36.31,68.05,59,low
SC07697,29.19,29.99,25,low
SC07698,36.62,83.73,78,medium
SC07699,27.29,71.34,76,low
SC07700,25.49,89.98,39,high
SC07701,44.91,82.79,85,low
SC07702,38.27,28.97,76,high
SC07703,35.41,50.49,55,medium
SC07704,27.59,81.96,38,high
SC07705,19.33,53.39,80,low
SC07706,18.84,97.79,99,low
SC07707,32.96,78.86,38,medium
SC07708,38.57,21.24,47,high
SC07709,32.51,90.4,24,medium
SC07710,40.7,28.06,33,low
SC07711,18.9,31.24,20,medium
SC07712,27.9,78.76,24,low
SC07713,24.4,89.2,88,low
SC07714,30.08,62.91,21,medium
SC07715,19.95,43.12,22,high
SC07716,43.76,48.11,24,high
SC07717,24.03,47.43,77,low
SC07718,42.9,46.13,77,medium
SC07719,29.5,39.43,25,low
SC07720,44.61,68.71,29,low
SC07721,32.96,92.03,89,medium
SC07722,43.13,44.57,37,high
SC07723,18.14,34.94,85,high
SC07724,38.2,87.09,33,high
SC07725,42.38,79.34,88,low
SC07726,21.77,94.47,99,low
SC07727,20.6,33.24,76,high
SC07728,29.46,31.54,92,medium
SC07729,43.21,63.31,72,low
SC07730,32.64,69.15,14,medium
SC07731,32.24,58.41,94,high
SC07732,21.81,67.92,43,high
SC07733,18.02,34.43,90,medium
SC07734,39.87,58.37,94,high
SC07735,20.36,72.65,9,high
SC07736,35.11,54.62,36,low
SC07737,42.69,74.36,6,low
SC07738,23.63,56.1,31,medium
SC07739,35.96,46.69,10,low
SC07740,20.12,44.29,47,high
SC07741,34.3,52.87,91,high
SC07742,22.43,21.85,67,low
SC07743,37.87,73.48,47,high
SC07744,26.13,87.61,44,medium
SC07745,30.51,48.37,94,medium
SC07746,34.18,23.68,92,high
SC07747,22.62,98.94,32,medium
SC07748,38.02,41.1,3,medium
SC07749,26.17,30.13,46,low
SC07750,35.88,49.58,89,medium
SC07751,22.27,79.08,52,low
SC07752,36.58,43.51,30,medium
SC07753,21.46,65.98,30,low
SC07754,29.48,53.24,26,medium
SC07755,24.67,29.42,88,low
SC07756,38.21,46.42,47,low
SC07757,25.07,77.99,35,low
SC07758,41.81,68.96,48,high
SC07759,42.08,29.58,30,low
SC07760,23.3,33.07,100,high
SC07761,34.57,71.26,43,low
SC07762,20.37,85.07,58,medium
SC07763,28.57,47.96,22,high
SC07764,37.26,67.62,98,low
SC07765,35.8,33.65,67,low
SC07766,34.87,44.91,91,low
SC07767,25.63,21.62,41,medium
SC07768,28.21,81.46,41,low
SC07769,20.78,52.08,12,medium
SC07770,37.41,85.29,0,low
SC07771,31.6,76.67,75,medium
SC07772,37.14,86.3,52,medium
SC07773,24.72,42.85,39,low
SC07774,26.76,34.81,89,high
SC07775,27.02,97.75,45,high
SC07776,18.7,77.39,86,low
SC07777,27.21,86.72,21,high
SC07778,39.69,21.05,51,low
SC07779,42.23,48.36,27,medium
SC07780,31.99,79.43,52,low
SC07781,30.3,26.24,62,high
SC07782,18.83,65.39,16,low
SC07783,41.74,54.33,63,high
SC07784,18.35,21.41,5,high
SC07785,43.51,38.88,13,low
SC07786,31.21,42.78,16,low
SC07787,27.23,28.95,37,high
SC07788,42.95,70.52,68,medium
SC07789,18.66,39.39,12,high
SC07790,33.7,42.21,52,high
SC07791,32.82,91.86,8,medium
SC07792,23.92,57.37,43,medium
SC07793,29.58,51.37,25,low
SC07794,35.61,77.91,76,high
SC07795,37.63,92.77,18,low
SC07796,18.02,22.0,47,medium
SC07797,43.3,55.86,80,low
SC07798,22.44,68.86,79,high
SC07799,24.31,45.49,29,low
SC07800,25.11,81.79,31,high
SC07801,19.02,97.72,77,medium
SC07802,21.32,95.47,78,low
SC07803,44.63,41.28,75,high
SC07804,26.51,38.11,100,low
SC07805,21.11,96.6,74,low
SC07806,20.89,56.69,68,high
SC07807,37.43,36.66,10,low
SC07808,41.07,76.56,97,low
SC07809,24.94,42.75,82,medium
SC07810,18.56,41.38,25,medium
SC07811,24.02,90.34,25,high
SC07812,19.53,33.0,16,low
SC07813,20.79,25.15,94,low
SC07814,29.65,41.53,82,low
SC07815,24.21,68.56,43,medium
SC07816,31.93,29.85,83,medium
SC07817,24.84,57.73,22,low
SC07818,43.39,70.19,24,high
SC07819,42.46,87.9,91,high
SC07820,33.3,38.39,36,high
SC07821,27.57,85.39,75,low
SC07822,28.29,38.79,64,medium
SC07823,29.12,74.14,1,high
SC07824,37.64,54.45,73,low
SC07825,30.19,29.17,97,high
SC07826,41.13,77.14,31,high
SC07827,43.49,37.42,88,low
SC07828,27.07,34.13,73,medium
SC07829,33.14,48.67,54,low
SC07830,20.57,72.26,49,low
SC07831,23.41,38.72,64,high
SC07832,29.16,34.69,31,high
SC07833,23.57,20.8,36,high
SC07834,41.67,57.73,75,low
SC07835,22.27,54.29,81,high
SC07836,30.3,38.71,93,high
SC07837,34.35,24.29,12,high
SC07838,36.68,54.34,53,high
SC07839,28.34,83.06,2,medium
SC07840,41.47,77.22,84,low
SC07841,33.34,88.86,41,low
SC07842,29.87,20.77,77,low
SC07843,19.82,97.31,39,medium
SC07844,30.55,47.31,73,low
SC07845,40.16,99.23,65,medium
SC07846,34.59,40.21,59,low
SC07847,40.47,57.72,100,high
SC07848,31.34,48.31,10,low
SC07849,21.2,48.46,0,medium
SC07850,18.37,87.38,25,medium
SC07851,26.19,79.71,41,low
SC07852,36.85,99.37,61,medium
SC07853,39.34,69.08,60,medium
SC07854,25.99,57.06,76,medium
SC07855,31.38,27.21,91,high
SC07856,29.37,99.72,99,low
SC07857,29.08,64.12,84,high
SC07858,24.25,76.04,61,high
SC07859,21.68,52.54,73,high
SC07860,23.31,63.82,11,low
SC07861,19.49,95.41,26,low
SC07862,23.35,33.31,66,medium
SC07863,18.25,43.39,27,low
SC07864,34.94,32.16,65,low
SC07865,26.54,83.38,27,low
SC07866,44.27,24.96,94,medium
SC07867,23.23,26.53,20,low
SC07868,27.34,43.88,6,high
SC07869,27.66,61.14,94,medium
SC07870,18.23,52.5,13,low
SC07871,40.66,23.59,38,high
SC07872,18.86,96.6,72,high
SC07873,43.38,96.23,86,low
SC07874,42.09,42.35,61,low
SC07875,32.46,78.52,11,low
SC07876,32.68,66.29,92,high
SC07877,35.65,39.0,37,low
SC07878,28.45,40.97,57,high
SC07879,35.48,59.29,55,high
SC07880,19.21,53.54,38,medium
SC07881,19.46,43.3,85,medium
SC07882,30.35,84.6,3,medium
SC07883,32.84,58.52,47,low
SC07884,41.97,72.39,6,medium
SC07885,20.83,35.14,59,medium
SC07886,40.21,62.68,39,high
SC07887,23.67,45.44,7,high
SC07888,28.64,62.11,57,low
SC07889,26.55,82.47,56,low
SC07890,28.8,81.51,34,high
SC07891,22.06,48.34,72,high
SC07892,31.6,75.54,12,low
SC07893,39.64,95.3,38,high
SC07894,29.92,70.05,83,medium
SC07895,31.25,31.87,20,medium
SC07896,40.92,74.38,46,medium
SC07897,37.06,28.39,82,high
SC07898,31.24,89.77,1,low
SC07899,24.96,61.33,43,high
SC07900,41.89,50.81,29,medium
SC07901,33.58,24.56,86,medium
SC07902,23.97,50.46,54,medium
SC07903,25.27,92.26,39,low
SC07904,39.68,21.68,76,low
SC07905,19.19,57.97,96,medium
SC07906,44.79,94.49,95,medium
SC07907,21.52,51.59,91,low
SC07908,39.49,54.25,23,medium
SC07909,28.66,66.28,41,high
SC07910,31.29,57.03,27,medium
SC07911,41.78,33.49,93,medium
SC07912,29.15,21.48,92,high
SC07913,32.51,68.78,97,low
SC07914,19.33,93.66,50,medium
SC07915,18.06,28.51,21,low
SC07916,24.61,36.88,88,medium
SC07917,36.38,49.62,77,medium
SC07918,21.27,84.7,73,low
SC07919,21.07,41.54,73,low
SC07920,29.1,90.56,7,low
SC07921,35.49,24.4,13,medium
SC07922,37.23,95.28,44,low
SC07923,22.82,64.86,37,low
SC07924,20.15,72.7,31,high
SC07925,43.39,49.42,61,low
SC07926,25.04,82.56,95,medium
SC07927,41.04,33.33,66,high
SC07928,41.31,23.91,83,high
SC07929,38.86,51.64,60,low
SC07930,22.56,88.3,12,medium
SC07931,40.19,80.39,86,medium
SC07932,38.77,61.37,82,high
SC07933,34.11,65.77,79,medium
SC07934,27.1,30.39,99,medium
SC07935,25.09,87.25,98,high
SC07936,21.29,82.96,46,low
SC07937,31.76,72.52,53,medium
SC07938,33.8,57.3,70,medium
SC07939,27.7,97.16,51,high
SC07940,30.83,90.32,100,high
SC07941,27.81,71.55,71,low
SC07942,35.31,49.74,24,low
SC07943,42.33,69.44,22,low
SC07944,22.43,66.04,73,low
SC07945,28.3,51.54,29,medium
SC07946,21.8,44.53,96,medium
SC07947,34.87,52.56,10,medium
SC07948,37.68,65.91,34,medium
SC07949,43.16,54.25,26,low
SC07950,25.53,41.09,66,medium
SC07951,43.66,80.88,46,high
SC07952,19.71,62.52,49,medium
SC07953,34.28,25.41,7,low
SC07954,19.54,49.47,54,low
SC07955,42.13,90.79,76,low
SC07956,32.3,80.42,41,high
SC07957,36.07,45.86,66,low
SC07958,40.45,95.05,19,high
SC07959,22.06,26.13,44,high
SC07960,19.04,96.9,34,medium
SC07961,41.73,39.66,76,low
SC07962,26.5,20.73,19,medium
SC07963,21.48,54.7,23,high
SC07964,30.65,48.72,56,low
SC07965,34.15,63.13,54,high
SC07966,18.84,83.74,8,medium
SC07967,25.42,87.39,93,medium
SC07968,18.89,52.1,88,medium
SC07969,29.35,54.39,15,medium
SC07970,42.17,31.85,54,medium
SC07971,44.53,23.8,71,medium
SC07972,35.2,71.3,57,low
SC07973,22.36,25.16,63,low
SC07974,42.46,78.71,91,low
SC07975,31.94,63.13,75,medium
SC07976,22.15,35.89,87,medium
SC07977,42.89,63.16,48,high
SC07978,38.45,34.64,28,low
SC07979,37.76,55.1,78,low
SC07980,37.15,83.96,81,low
SC07981,23.41,56.95,6,low
SC07982,23.7,31.9,76,low
SC07983,36.58,77.91,82,high
SC07984,23.93,34.94,68,medium
SC07985,29.84,79.08,89,high
SC07986,39.11,58.35,1,low
SC07987,39.17,56.3,32,high
SC07988,30.24,88.11,47,medium
SC07989,39.39,76.69,36,medium
SC07990,40.64,22.63,88,medium
SC07991,35.68,43.69,88,medium
SC07992,24.17,89.67,29,high
SC07993,25.4,21.47,40,high
SC07994,26.5,63.62,3,medium
SC07995,21.15,78.23,82,low
SC07996,25.38,69.75,90,low
SC07997,23.66,80.84,38,high
SC07998,30.29,78.06,23,medium
SC07999,42.53,75.36,49,high
SC08000,20.82,85.72,36,medium
SC08001,37.45,71.66,52,high
SC08002,36.56,52.19,24,low
SC08003,20.59,57.75,92,low
SC08004,42.91,77.34,30,medium
SC08005,33.35,90.1,98,medium
SC08006,27.82,41.78,91,low
SC08007,38.43,47.37,37,high
SC08008,24.95,94.46,57,medium
SC08009,36.72,66.28,52,high
SC08010,19.07,34.32,49,low
SC08011,40.66,73.1,3,low
SC08012,30.1,99.26,91,high
SC08013,35.19,85.88,51,medium
SC08014,23.97,79.66,30,medium
SC08015,36.28,36.64,86,low
SC08016,38.85,90.09,77,high
SC08017,30.78,62.06,91,high
SC08018,34.68,91.14,13,high
SC08019,30.32,46.39,0,high
SC08020,42.14,24.96,42,medium
SC08021,31.44,58.08,95,medium
SC08022,40.73,41.59,58,medium
SC08023,39.64,77.22,60,high
SC08024,29.08,96.57,40,high
SC08025,24.21,75.28,17,medium
SC08026,28.96,90.95,59,low
SC08027,40.31,56.24,68,high
SC08028,24.15,81.73,78,medium
SC08029,32.16,87.44,58,low
SC08030,39.76,76.87,41,medium
SC08031,27.54,60.62,79,high
SC08032,35.34,70.07,99,low
SC08033,24.63,76.04,35,low
SC08034,20.95,40.25,39,low
SC08035,39.45,84.77,29,low
SC08036,20.67,96.03,86,low
SC08037,25.33,57.22,10,high
SC08038,41.09,76.09,24,low
SC08039,27.35,78.96,44,high
SC08040,44.27,72.98,50,low
SC08041,44.45,63.77,42,high
SC08042,25.24,90.53,65,low
SC08043,19.11,55.91,98,medium
SC08044,37.04,24.89,46,low
SC08045,30.18,87.56,23,medium
SC08046,20.72,73.92,76,low
SC08047,37.1,87.94,36,medium
SC08048,18.84,31.08,55,low
SC08049,41.5,22.46,93,high
SC08050,21.74,94.75,74,low
SC08051,21.44,31.82,86,low
SC08052,22.74,84.77,45,low
SC08053,43.93,85.86,27,medium
SC08054,36.72,76.7,92,low
SC08055,39.64,30.5,51,low
SC08056,28.74,73.39,14,medium
SC08057,27.08,91.13,44,low
SC08058,24.33,54.04,57,high
SC08059,30.98,53.08,66,low
SC08060,32.9,55.43,72,medium
SC08061,35.06,26.58,71,high
SC08062,24.94,91.36,96,low
SC08063,43.61,89.53,97,low
SC08064,22.58,99.83,72,high
SC08065,44.07,66.81,80,medium
SC08066,18.4,80.1,40,medium
SC08067,30.99,36.21,64,medium
SC08068,27.0,73.4,39,low
SC08069,30.13,71.98,4,high
SC08070,33.41,92.1,93,high
SC08071,29.76,86.46,74,medium
SC08072,29.2,95.08,27,high
SC08073,37.78,89.51,37,medium
SC08074,36.52,89.5,80,medium
SC08075,40.5,25.1,86,high
SC08076,24.75,87.68,17,low
SC08077,34.46,68.6,36,low
SC08078,33.8,50.44,26,low
SC08079,27.98,24.52,24,high
SC08080,31.12,74.21,68,medium
SC08081,26.47,46.26,82,low
SC08082,21.83,57.42,26,low
SC08083,23.77,74.54,76,low
SC08084,20.85,92.94,53,low
SC08085,36.44,86.03,6,high
SC08086,35.84,56.05,89,high
SC08087,43.67,51.02,77,high
SC08088,37.7,39.18,26,medium
SC08089,19.41,49.79,58,medium
SC08090,41.87,28.88,71,medium
SC08091,41.29,97.69,30,high
SC08092,29.97,65.91,98,high
SC08093,33.82,30.22,90,high
SC08094,44.35,48.22,67,medium
SC08095,32.37,63.76,3,low
SC08096,42.44,62.63,17,medium
SC08097,20.24,22.84,62,low
SC08098,23.16,96.07,86,low
SC08099,29.9,42.03,95,low
SC08100,33.79,21.29,75,medium
SC08101,40.04,26.12,51,medium
SC08102,44.68,66.42,83,low
SC08103,28.5,31.02,62,medium
SC08104,19.28,23.34,44,low
SC08105,39.63,50.37,11,medium
SC08106,34.32,69.82,7,medium
SC08107,23.36,28.95,21,low
SC08108,31.36,45.07,90,high
SC08109,38.04,53.42,40,medium
SC08110,38.8,32.76,40,medium
SC08111,31.49,60.49,80,medium
SC08112,26.24,26.82,56,medium
SC08113,44.29,23.72,31,low
SC08114,35.91,61.59,96,high
SC08115,29.02,39.83,94,medium
SC08116,25.57,27.63,54,low
SC08117,37.74,53.91,5,medium
SC08118,24.54,93.21,38,medium
SC08119,22.64,77.94,8,low
SC08120,32.31,85.25,31,high
SC08121,25.83,89.75,35,medium
SC08122,34.98,97.81,15,low
SC08123,21.18,81.06,11,medium
SC08124,35.68,68.67,40,medium
SC08125,25.65,49.23,66,low
SC08126,18.01,34.53,57,high
SC08127,21.43,74.93,90,high
SC08128,43.21,99.6,90,high
SC08129,41.42,57.39,8,medium
SC08130,24.31,77.89,16,high
SC08131,39.02,59.61,4,high
SC08132,34.43,54.55,25,high
SC08133,44.21,52.82,84,high
SC08134,28.09,60.37,0,medium
SC08135,36.4,49.35,0,low
SC08136,19.72,79.9,34,low
SC08137,28.7,89.94,8,medium
SC08138,44.02,90.63,86,high
SC08139,32.55,38.22,37,high
SC08140,25.77,91.67,3,high
SC08141,21.25,47.32,51,medium
SC08142,37.0,44.74,18,low
SC08143,35.41,78.14,100,low
SC08144,28.1,44.38,4,medium
SC08145,43.68,24.24,91,high
SC08146,18.6,49.89,47,high
SC08147,26.2,77.72,86,medium
SC08148,42.87,46.16,62,high
SC08149,26.67,70.36,37,low
SC08150,24.81,72.81,51,medium
SC08151,32.42,78.7,86,low
SC08152,40.24,91.77,45,low
SC08153,20.78,54.61,81,high
SC08154,43.46,33.31,92,high
SC08155,39.47,45.51,91,low
SC08156,22.89,54.57,8,low
SC08157,37.22,77.11,49,low
SC08158,28.39,21.05,73,low
SC08159,28.86,45.26,65,medium
SC08160,39.15,82.39,76,medium
SC08161,44.0,73.67,37,medium
SC08162,21.42,78.54,26,low
SC08163,29.36,84.94,19,low
SC08164,30.99,82.66,61,medium
SC08165,28.16,74.57,73,high
SC08166,27.81,55.17,15,high
SC08167,19.41,98.69,78,low
SC08168,36.51,65.53,12,low
SC08169,29.78,36.22,19,low
SC08170,23.26,43.43,23,low
SC08171,40.03,75.48,49,low
SC08172,39.67,93.98,6,high
SC08173,31.13,34.3,86,high
SC08174,26.06,26.59,87,low
SC08175,35.23,90.52,28,medium
SC08176,25.78,93.22,4,low
SC08177,24.37,42.11,34,low
SC08178,37.72,50.18,64,medium
SC08179,19.09,72.82,99,medium
SC08180,20.56,46.39,81,medium
SC08181,18.18,90.17,69,high
SC08182,22.13,28.61,86,medium
SC08183,19.86,23.04,73,low
SC08184,44.89,36.68,6,medium
SC08185,25.8,42.89,43,low
SC08186,22.03,29.03,71,medium
SC08187,24.51,25.26,12,medium
SC08188,43.28,80.45,93,high
SC08189,32.04,33.14,81,high
SC08190,27.85,93.11,77,high
SC08191,41.58,49.44,74,medium
SC08192,28.66,73.65,37,medium
SC08193,27.05,38.03,12,high
SC08194,23.6,39.23,53,low
SC08195,28.2,65.98,43,low
SC08196,26.55,64.85,96,low
SC08197,36.29,81.5,12,medium
SC08198,25.82,80.63,24,high
SC08199,33.58,73.66,23,low
SC08200,19.78,55.93,28,high
SC08201,23.16,91.25,99,medium
SC08202,29.0,69.81,69,high
SC08203,43.3,99.22,17,medium
SC08204,28.19,85.55,91,high
SC08205,35.93,23.54,4,low
SC08206,24.89,45.65,17,high
SC08207,21.43,65.75,62,medium
SC08208,19.58,77.72,36,medium
SC08209,26.25,64.03,70,low
SC08210,22.26,82.89,54,high
SC08211,22.7,42.61,72,high
SC08212,38.54,34.71,98,high
SC08213,18.43,24.31,11,medium
SC08214,33.06,65.87,51,medium
SC08215,28.25,75.09,56,low
SC08216,31.68,46.09,45,medium
SC08217,33.2,69.09,43,low
SC08218,26.46,24.17,23,high
SC08219,25.97,27.94,8,high
SC08220,37.8,76.14,11,high
SC08221,41.52,49.45,99,medium
SC08222,23.2,73.71,100,medium
SC08223,20.64,86.54,8,medium
SC08224,42.24,88.21,21,medium
SC08225,27.45,33.77,16,low
SC08226,32.89,58.9,32,high
SC08227,27.71,78.71,46,low
SC08228,21.4,81.92,87,medium
SC08229,33.91,82.77,14,high
SC08230,32.18,38.25,92,high
SC08231,23.48,35.4,95,high
SC08232,30.2,67.2,32,low
SC08233,39.52,79.29,92,medium
SC08234,33.94,45.53,14,low
SC08235,20.62,28.38,26,high
SC08236,32.8,77.34,97,low
SC08237,36.97,43.98,60,high
SC08238,39.4,33.31,67,high
SC08239,34.99,31.82,81,high
SC08240,22.12,45.19,84,low
SC08241,37.17,67.41,47,low
SC08242,36.29,48.67,7,high
SC08243,18.66,21.65,5,high
SC08244,29.12,27.75,62,high
SC08245,26.99,43.24,83,low
SC08246,36.07,72.78,1,high
SC08247,23.84,27.88,21,medium
SC08248,33.95,64.85,20,low
SC08249,42.66,29.59,5,medium
SC08250,39.54,36.93,95,medium
SC08251,42.88,33.78,69,low
SC08252,44.42,25.38,12,low
SC08253,18.29,73.71,0,medium
SC08254,34.81,57.07,21,medium
SC08255,29.15,86.48,23,low
SC08256,41.22,27.91,63,low
SC08257,24.8,31.58,40,high
SC08258,44.49,44.52,93,high
SC08259,34.57,81.27,21,high
SC08260,39.43,44.46,60,low
SC08261,20.31,52.67,11,low
SC08262,22.95,44.13,89,high
SC08263,38.48,26.42,3,low
SC08264,18.59,95.15,82,medium
SC08265,40.06,63.88,79,low
SC08266,18.38,83.03,11,medium
SC08267,35.74,72.67,32,high
SC08268,27.86,61.14,20,high
SC08269,34.51,27.17,99,high
SC08270,36.79,71.42,72,high
SC08271,27.25,32.43,71,medium
SC08272,20.91,53.15,83,medium
SC08273,19.88,70.33,73,low
SC08274,33.9,82.58,95,medium
SC08275,32.06,74.8,91,low
SC08276,38.04,73.72,73,high
SC08277,31.76,31.92,71,medium
SC08278,29.41,47.69,51,high
SC08279,28.75,23.43,46,medium
SC08280,18.71,77.56,96,low
SC08281,27.06,96.21,58,high
SC08282,44.35,41.13,46,high
SC08283,41.59,27.02,55,high
SC08284,26.89,58.05,12,high
SC08285,33.87,88.54,43,medium
SC08286,40.88,64.16,34,high
SC08287,29.91,23.74,28,medium
SC08288,18.48,97.94,55,high
SC08289,20.01,86.29,4,high
SC08290,31.78,30.53,66,low
SC08291,44.17,93.74,52,high
SC08292,36.72,56.06,100,high
SC08293,19.91,49.75,59,medium
SC08294,23.11,56.88,5,high
SC08295,38.83,86.77,47,high
SC08296,40.72,72.76,79,low
SC08297,34.68,24.74,34,high
SC08298,35.4,96.61,17,medium
SC08299,18.77,31.82,10,high
SC08300,40.37,79.65,50,medium
SC08301,39.28,70.89,22,medium
SC08302,24.99,35.0,46,high
SC08303,37.13,33.66,74,medium
SC08304,23.8,89.63,58,medium
SC08305,19.09,53.58,56,medium
SC08306,23.43,72.37,92,medium
SC08307,22.82,60.33,55,medium
SC08308,27.12,78.19,26,low
SC08309,29.3,58.34,72,medium
SC08310,31.73,42.99,34,low
SC08311,30.87,49.07,54,medium
SC08312,25.31,88.73,8,medium
SC08313,18.79,57.44,17,medium
SC08314,34.34,37.08,43,low
SC08315,28.69,94.77,20,low
SC08316,26.06,83.73,55,high
SC08317,41.41,24.45,47,medium
SC08318,38.16,99.92,99,medium
SC08319,41.16,75.59,0,low
SC08320,31.36,32.82,26,medium
SC08321,21.54,38.97,44,high
SC08322,36.8,75.4,62,medium
SC08323,23.56,82.38,57,low
SC08324,29.91,39.12,39,low
SC08325,19.76,40.56,62,high
SC08326,40.28,44.57,37,medium
SC08327,21.4,67.84,28,low
SC08328,42.38,33.75,39,high
SC08329,41.33,28.34,18,low
SC08330,30.54,74.31,87,high
SC08331,38.1,82.33,55,low
SC08332,34.73,60.07,43,low
SC08333,39.68,49.11,64,medium
SC08334,29.66,54.56,99,low
SC08335,39.22,51.07,86,low
SC08336,30.49,96.8,12,high
SC08337,43.41,81.45,29,low
SC08338,31.13,36.65,48,high
SC08339,30.49,50.74,100,low
SC08340,39.2,63.52,74,high
SC08341,40.18,69.04,62,high
SC08342,32.97,57.45,70,low
SC08343,22.85,84.81,34,medium
SC08344,30.63,81.41,10,high
SC08345,44.14,60.41,48,low
SC08346,38.33,88.35,39,high
SC08347,39.9,80.09,20,high
SC08348,18.89,82.29,46,low
SC08349,30.63,96.51,2,high
SC08350,35.46,41.32,29,low
SC08351,40.41,41.41,87,medium
SC08352,19.33,91.12,66,low
SC08353,41.02,81.78,61,medium
SC08354,32.81,94.12,36,low
SC08355,23.33,25.05,96,low
SC08356,26.57,70.22,21,high
SC08357,25.61,31.57,30,low
SC08358,32.33,60.31,45,medium
SC08359,19.4,32.46,75,low
SC08360,22.28,30.25,44,low
SC08361,39.94,20.97,13,medium
SC08362,21.58,70.42,11,low
SC08363,24.3,48.72,62,high
SC08364,30.24,28.42,90,medium
SC08365,31.96,45.83,76,high
SC08366,38.62,33.52,87,low
SC08367,30.08,95.34,37,high
SC08368,39.33,45.6,46,medium
SC08369,34.7,46.72,53,low
SC08370,21.05,87.19,54,high
SC08371,22.22,71.82,47,high
SC08372,29.8,76.81,72,low
SC08373,28.72,70.88,71,high
SC08374,38.08,95.7,100,high
SC08375,33.68,36.56,14,low
SC08376,28.48,99.12,70,low
SC08377,22.61,86.48,87,medium
SC08378,24.12,67.12,15,low
SC08379,33.54,72.99,87,low
SC08380,29.43,71.91,42,medium
SC08381,31.9,24.67,6,low
SC08382,22.61,37.44,42,medium
SC08383,35.9,96.92,27,low
SC08384,41.02,62.75,65,low
SC08385,24.96,50.27,97,low
SC08386,31.27,80.96,59,medium
SC08387,44.34,61.96,2,medium
SC08388,27.0,21.05,0,high
SC08389,34.07,78.9,30,high
SC08390,20.44,78.58,55,low
SC08391,34.36,33.21,86,low
SC08392,20.42,96.53,83,medium
SC08393,43.9,37.91,79,low
SC08394,37.32,56.62,45,low
SC08395,39.28,29.18,31,low
SC08396,37.01,68.26,80,medium
SC08397,33.92,50.04,17,medium
SC08398,30.15,48.25,67,high
SC08399,41.18,86.16,34,medium
SC08400,43.83,20.76,99,medium
SC08401,31.47,83.84,22,medium
SC08402,43.15,65.72,78,low
SC08403,33.75,98.89,12,low
SC08404,32.54,67.16,77,high
SC08405,30.27,24.43,13,low
SC08406,23.65,24.05,36,low
SC08407,18.1,90.65,4,low
SC08408,24.52,87.3,21,low
SC08409,31.76,47.67,27,low
SC08410,28.26,69.44,3,medium
SC08411,30.11,59.17,49,low
SC08412,44.48,97.37,28,low
SC08413,27.46,96.0,36,high
SC08414,30.21,98.71,34,high
SC08415,21.6,89.32,19,medium
SC08416,19.29,92.76,34,medium
SC08417,38.94,37.38,98,low
SC08418,33.41,86.48,83,high
SC08419,38.54,76.71,1,medium
SC08420,22.05,97.02,57,medium
SC08421,33.44,65.7,17,medium
SC08422,24.85,26.81,93,medium
SC08423,24.16,67.79,55,medium
SC08424,18.31,74.93,63,medium
SC08425,21.52,37.63,92,medium
SC08426,26.35,51.53,51,high
SC08427,21.16,67.88,21,medium
SC08428,44.62,49.93,92,low
SC08429,26.33,50.0,59,medium
SC08430,21.52,30.65,9,high
SC08431,23.38,95.26,83,low
SC08432,33.87,80.04,79,high
SC08433,19.73,20.1,5,medium
SC08434,41.29,81.25,80,medium
SC08435,43.96,79.18,5,high
SC08436,24.66,20.78,85,high
SC08437,30.15,49.57,81,high
SC08438,18.6,68.54,95,low
SC08439,35.3,56.22,27,low
SC08440,29.18,82.24,41,medium
SC08441,25.29,54.04,73,high
SC08442,23.58,32.31,40,high
SC08443,35.66,98.11,62,low
SC08444,29.24,39.36,21,low
SC08445,22.85,77.42,91,high
SC08446,36.61,31.45,78,medium
SC08447,33.26,46.32,28,medium
SC08448,41.18,55.36,70,high
SC08449,21.17,35.38,33,low
SC08450,39.21,56.0,95,low
SC08451,36.18,32.57,1,high
SC08452,21.11,64.72,25,low
SC08453,36.76,73.1,74,low
SC08454,29.92,24.99,88,low
SC08455,43.51,89.69,18,low
SC08456,21.82,34.81,19,low
SC08457,35.36,38.03,32,high
SC08458,28.31,72.91,80,high
SC08459,43.83,57.5,93,low
SC08460,26.91,59.95,81,high
SC08461,43.98,30.25,95,low
SC08462,42.34,84.46,3,low
SC08463,25.3,69.36,31,medium
SC08464,39.7,30.83,18,high
SC08465,44.88,49.92,2,high
SC08466,24.82,84.83,91,low
SC08467,29.79,65.47,60,low
SC08468,32.04,28.69,37,high
SC08469,25.96,49.82,5,low
SC08470,18.41,39.42,55,high
SC08471,23.94,61.4,39,low
SC08472,25.61,87.47,80,medium
SC08473,29.98,54.9,68,medium
SC08474,22.62,54.67,82,medium
SC08475,41.58,92.43,41,high
SC08476,37.03,66.09,98,low
SC08477,20.3,65.3,85,medium
SC08478,35.55,40.95,87,medium
SC08479,35.65,68.62,73,low
SC08480,43.82,66.07,1,low
SC08481,18.08,51.75,27,low
SC08482,24.69,99.26,100,low
SC08483,43.05,90.55,16,high
SC08484,43.17,79.97,69,medium
SC08485,37.46,62.99,68,medium
SC08486,38.68,56.96,38,high
SC08487,20.47,34.79,6,medium
SC08488,31.87,44.46,31,medium
SC08489,24.25,81.92,3,low
SC08490,22.89,56.3,20,low
SC08491,39.88,90.58,31,low
SC08492,21.65,31.83,81,high
SC08493,30.65,60.67,96,high
SC08494,43.34,71.76,13,medium
SC08495,23.02,61.35,69,medium
SC08496,44.41,91.14,74,medium
SC08497,44.85,99.17,45,medium
SC08498,33.0,29.27,19,low
SC08499,22.59,30.4,92,low
SC08500,26.53,30.43,57,high
SC08501,29.46,74.49,98,medium
SC08502,26.35,49.81,79,low
SC08503,25.58,78.67,47,low
SC08504,44.25,52.44,6,low
SC08505,22.14,70.21,39,high
SC08506,37.8,81.59,58,high
SC08507,18.01,63.86,35,medium
SC08508,34.1,63.16,43,high
SC08509,42.73,27.06,30,high
SC08510,25.77,52.86,41,high
SC08511,23.01,63.66,43,low
SC08512,35.6,56.96,42,medium
SC08513,37.24,92.06,42,medium
SC08514,36.58,92.52,46,medium
SC08515,26.62,85.75,5,high
SC08516,24.81,50.02,92,low
SC08517,43.81,77.38,90,high
SC08518,42.93,51.62,65,medium
SC08519,30.35,38.61,85,low
SC08520,40.85,47.43,8,medium
SC08521,30.21,25.68,10,low
SC08522,29.46,46.54,79,low
SC08523,22.23,56.86,76,high
SC08524,29.51,96.44,17,medium
SC08525,32.51,45.07,24,low
SC08526,18.61,92.2,96,high
SC08527,29.99,38.31,73,low
SC08528,39.1,35.28,57,low
SC08529,36.36,61.52,29,low
SC08530,35.15,73.8,0,low
SC08531,42.56,23.55,62,low
SC08532,18.49,37.69,96,high
SC08533,33.04,56.45,78,high
SC08534,39.26,46.48,28,high
SC08535,32.62,77.01,65,medium
SC08536,26.75,60.89,74,high
SC08537,21.68,32.83,52,medium
SC08538,41.96,91.56,97,medium
SC08539,30.71,43.43,18,medium
SC08540,41.71,78.49,65,high
SC08541,33.82,82.39,83,low
SC08542,36.2,97.05,51,low
SC08543,39.72,59.88,30,low
SC08544,35.8,69.27,59,medium
SC08545,28.75,46.79,67,medium
SC08546,31.87,74.25,92,medium
SC08547,39.68,57.07,29,low
SC08548,28.09,55.01,12,medium
SC08549,28.48,88.44,14,medium
SC08550,20.58,24.01,19,medium
SC08551,42.69,90.56,33,high
SC08552,20.46,88.17,91,medium
SC08553,35.5,60.51,19,low
SC08554,29.16,59.22,49,low
SC08555,28.95,48.94,88,low
SC08556,36.35,99.53,26,low
SC08557,19.81,28.89,29,medium
SC08558,34.03,67.22,55,medium
SC08559,38.84,74.53,83,low
SC08560,40.36,94.75,64,high
SC08561,22.6,82.42,98,low
SC08562,42.23,71.51,54,low
SC08563,35.72,29.34,23,low
SC08564,41.81,49.9,24,high
SC08565,31.1,31.11,52,medium
SC08566,32.63,90.5,75,medium
SC08567,42.81,79.97,10,low
SC08568,42.3,80.6,93,high
SC08569,30.1,72.18,59,medium
SC08570,25.41,60.56,76,medium
SC08571,28.62,32.0,46,medium
SC08572,28.47,46.38,24,medium
SC08573,25.75,30.95,24,low
SC08574,25.25,77.99,16,high
SC08575,41.25,32.82,11,high
SC08576,19.89,76.17,51,medium
SC08577,36.3,75.38,10,low
SC08578,22.67,56.74,9,low
SC08579,27.3,30.82,80,high
SC08580,19.66,45.18,59,low
SC08581,25.29,45.61,53,high
SC08582,38.75,76.03,79,medium
SC08583,41.9,29.1,62,medium
SC08584,23.98,86.33,19,low
SC08585,30.52,80.88,4,low
SC08586,30.7,34.9,40,medium
SC08587,41.59,77.53,62,high
SC08588,38.6,73.48,55,low
SC08589,31.85,79.85,31,medium
SC08590,36.11,35.11,26,medium
SC08591,40.88,32.61,67,medium
SC08592,18.26,38.92,47,medium
SC08593,28.88,49.27,6,medium
SC08594,42.5,83.49,45,high
SC08595,37.99,79.03,77,low
SC08596,32.66,94.04,87,high
SC08597,32.3,24.69,17,medium
SC08598,27.39,20.92,37,medium
SC08599,32.05,75.93,64,low
SC08600,35.7,42.34,16,medium
SC08601,29.3,46.73,89,low
SC08602,37.28,63.74,85,medium
SC08603,41.25,28.19,81,low
SC08604,22.18,71.42,37,high
SC08605,30.19,46.01,91,medium
SC08606,29.02,70.62,84,high
SC08607,36.56,86.72,62,medium
SC08608,24.75,33.69,96,high
SC08609,35.29,94.47,93,high
SC08610,41.69,62.46,41,medium
SC08611,29.29,93.83,7,medium
SC08612,42.6,36.62,29,medium
SC08613,44.82,68.37,63,low
SC08614,20.86,52.31,8,high
SC08615,24.29,81.94,96,medium
SC08616,43.66,68.47,56,medium
SC08617,43.87,59.56,58,high
SC08618,20.64,93.04,92,low
SC08619,18.4,50.17,94,low
SC08620,22.35,37.6,66,low
SC08621,44.89,68.65,74,medium
SC08622,22.86,69.92,4,low
SC08623,31.57,55.13,94,high
SC08624,40.91,58.93,83,medium
SC08625,18.55,96.76,3,medium
SC08626,34.32,78.61,7,low
SC08627,25.48,28.85,41,low
SC08628,41.28,36.97,34,medium
SC08629,25.65,98.05,12,low
SC08630,36.54,78.12,4,high
SC08631,36.2,93.2,39,low
SC08632,23.98,44.31,18,medium
SC08633,18.94,79.35,81,medium
SC08634,29.05,77.12,96,medium
SC08635,25.81,43.58,3,high
SC08636,39.84,64.07,58,medium
SC08637,39.61,70.19,17,high
SC08638,30.34,58.49,23,low
SC08639,34.38,86.17,92,low
SC08640,34.32,86.63,30,low
SC08641,40.33,88.05,57,medium
SC08642,29.48,84.27,27,medium
SC08643,25.44,59.05,8,medium
SC08644,25.16,50.52,44,high
SC08645,32.48,86.51,89,high
SC08646,30.13,59.22,48,high
SC08647,29.88,39.71,1,low
SC08648,20.46,60.59,5,low
SC08649,37.4,31.35,28,medium
SC08650,23.77,75.33,25,low
SC08651,23.32,46.87,27,medium
SC08652,29.14,40.85,6,low
SC08653,24.15,96.52,33,high
SC08654,33.76,82.15,55,high
SC08655,28.03,82.97,9,high
SC08656,30.12,69.9,56,high
SC08657,32.5,87.13,46,medium
SC08658,23.5,80.73,85,low
SC08659,22.21,67.9,26,high
SC08660,41.77,96.89,38,low
SC08661,29.71,35.33,21,low
SC08662,29.13,95.47,18,low
SC08663,18.96,52.12,99,low
SC08664,31.45,62.27,8,high
SC08665,32.96,29.82,18,high
SC08666,33.09,63.21,1,low
SC08667,37.09,68.9,91,low
SC08668,22.79,99.82,60,low
SC08669,24.81,98.02,58,medium
SC08670,39.89,97.31,85,medium
SC08671,43.57,47.87,69,high
SC08672,21.67,99.3,70,low
SC08673,31.44,56.44,69,high
SC08674,23.78,88.15,32,low
SC08675,19.62,37.31,77,medium
SC08676,26.79,60.47,64,low
SC08677,21.88,97.28,24,medium
SC08678,37.17,95.76,69,low
SC08679,32.41,74.7,27,high
SC08680,21.88,83.83,17,low
SC08681,18.25,34.11,62,medium
SC08682,39.82,77.73,90,low
SC08683,22.76,69.44,48,low
SC08684,34.37,27.32,65,low
SC08685,27.1,29.05,39,high
SC08686,33.81,28.68,84,low
SC08687,26.52,77.95,86,medium
SC08688,20.35,31.34,65,low
SC08689,24.02,57.42,79,medium
SC08690,23.08,48.56,3,low
SC08691,29.56,64.04,33,high
SC08692,35.77,76.52,4,medium
SC08693,25.12,74.78,97,medium
SC08694,18.33,61.24,21,low
SC08695,32.01,57.15,19,medium
SC08696,34.36,51.83,46,medium
SC08697,44.0,88.95,76,low
SC08698,33.92,46.47,33,low
SC08699,30.72,40.75,43,high
SC08700,33.48,79.47,5,low
SC08701,43.05,48.78,55,low
SC08702,40.37,87.76,28,medium
SC08703,26.72,46.23,96,low
SC08704,24.41,76.16,52,medium
SC08705,25.09,23.61,0,medium
SC08706,31.62,50.85,58,low
SC08707,38.09,47.46,47,low
SC08708,31.59,85.33,6,low
SC08709,19.83,97.36,85,medium
SC08710,37.54,56.87,31,high
SC08711,39.76,85.99,77,medium
SC08712,25.82,75.98,60,medium
SC08713,35.93,97.39,56,medium
SC08714,29.52,84.89,50,high
SC08715,42.01,26.2,87,high
SC08716,40.82,77.06,18,low
SC08717,32.19,62.84,26,low
SC08718,36.67,21.31,62,high
SC08719,41.85,40.11,59,medium
SC08720,31.38,93.74,60,low
SC08721,26.46,94.08,60,low
SC08722,38.35,83.91,86,low
SC08723,23.94,98.54,44,high
SC08724,28.49,84.52,20,medium
SC08725,41.37,20.82,43,medium
SC08726,37.56,43.03,92,medium
SC08727,28.9,22.45,0,low
SC08728,23.8,27.53,94,low
SC08729,27.61,37.51,90,medium
SC08730,25.67,60.28,43,low
SC08731,22.75,87.8,99,low
SC08732,38.07,88.96,61,low
SC08733,24.81,69.3,60,high
SC08734,30.26,94.25,90,low
SC08735,28.42,60.0,78,medium
SC08736,44.52,91.12,88,high
SC08737,28.56,56.33,78,low
SC08738,20.16,42.18,82,low
SC08739,20.43,93.31,49,high
SC08740,33.95,51.03,74,medium
SC08741,34.18,60.27,40,high
SC08742,29.31,46.31,32,low
SC08743,29.66,73.03,86,high
SC08744,19.46,99.6,11,low
SC08745,31.95,22.04,1,high
SC08746,31.63,91.99,20,high
SC08747,22.04,20.31,13,medium
SC08748,20.8,49.14,33,medium
SC08749,21.34,33.49,78,high
SC08750,20.73,80.59,84,low
SC08751,34.46,24.05,63,medium
SC08752,23.31,64.28,22,high
SC08753,24.79,43.59,84,low
SC08754,22.69,30.69,49,high
SC08755,43.86,81.75,13,high
SC08756,41.07,37.39,84,high
SC08757,24.22,37.89,75,low
SC08758,26.84,42.01,45,low
SC08759,23.67,66.94,4,high
SC08760,31.28,72.77,65,low
SC08761,18.53,21.41,21,medium
SC08762,36.13,39.35,69,high
SC08763,32.13,54.48,1,low
SC08764,42.26,46.56,28,medium
SC08765,22.44,90.73,60,low
SC08766,39.71,83.02,99,medium
SC08767,39.38,70.07,70,low
SC08768,21.43,47.04,15,medium
SC08769,28.76,76.05,63,high
SC08770,22.59,87.49,96,low
SC08771,24.88,67.59,96,medium
SC08772,25.11,82.76,13,medium
SC08773,33.02,79.93,42,low
SC08774,29.11,65.74,75,medium
SC08775,43.59,44.97,42,high
SC08776,21.41,79.66,69,high
SC08777,44.29,36.54,54,low
SC08778,24.23,82.36,75,high
SC08779,38.87,84.36,30,medium
SC08780,27.15,85.77,75,high
SC08781,21.86,57.83,73,low
SC08782,41.16,35.4,39,high
SC08783,26.34,27.98,26,high
SC08784,35.79,79.47,51,high
SC08785,33.29,90.9,6,medium
SC08786,30.74,72.07,45,low
SC08787,31.39,31.53,99,medium
SC08788,37.77,94.79,32,low
SC08789,20.37,99.13,90,medium
SC08790,36.04,54.67,7,medium
SC08791,42.19,67.59,4,low
SC08792,19.56,82.18,60,low
SC08793,21.8,78.91,71,low
SC08794,37.35,97.42,59,low
SC08795,29.81,29.19,84,medium
SC08796,28.9,66.46,23,low
SC08797,21.7,75.35,6,high
SC08798,31.68,91.21,60,medium
SC08799,21.42,89.93,82,high
SC08800,30.87,98.24,94,low
SC08801,38.62,60.97,35,high
SC08802,24.97,86.46,26,high
SC08803,30.98,54.18,28,medium
SC08804,44.78,53.79,86,low
SC08805,36.54,40.27,19,medium
SC08806,40.72,85.46,69,medium
SC08807,29.2,98.87,75,low
SC08808,38.73,40.51,75,high
SC08809,19.09,24.49,2,medium
SC08810,21.32,85.24,38,high
SC08811,23.48,69.62,98,medium
SC08812,28.85,96.78,82,low
SC08813,40.84,40.18,44,low
SC08814,27.35,25.68,67,low
SC08815,35.67,59.4,30,high
SC08816,37.15,26.84,37,medium
SC08817,33.83,40.94,96,high
SC08818,27.65,30.08,5,high
SC08819,33.58,37.93,7,low
SC08820,27.24,28.49,27,low
SC08821,20.26,96.31,14,high
SC08822,44.81,42.29,94,medium
SC08823,21.43,55.51,7,medium
SC08824,19.95,91.89,53,medium
SC08825,41.72,74.19,5,high
SC08826,26.15,69.44,28,medium
SC08827,35.56,76.45,33,high
SC08828,26.88,86.31,6,high
SC08829,28.57,90.21,39,medium
SC08830,25.08,71.41,73,medium
SC08831,27.26,91.2,12,medium
SC08832,29.09,62.83,61,low
SC08833,37.45,42.18,85,medium
SC08834,31.81,90.41,84,low
SC08835,43.48,63.32,64,high
SC08836,19.13,92.49,40,medium
SC08837,31.58,23.21,41,high
SC08838,33.77,51.8,65,low
SC08839,42.85,95.82,92,high
SC08840,19.33,39.97,10,medium
SC08841,33.48,95.32,100,high
SC08842,41.05,96.31,49,low
SC08843,24.53,90.57,70,medium
SC08844,41.66,65.09,34,medium
SC08845,18.51,71.76,93,medium
SC08846,37.78,89.57,79,low
SC08847,43.19,82.07,78,high
SC08848,35.74,70.41,19,low
SC08849,29.85,98.58,27,low
SC08850,19.21,74.85,36,low
SC08851,42.84,98.04,2,high
SC08852,30.7,24.59,92,medium
SC08853,18.78,31.12,58,medium
SC08854,36.63,56.12,100,medium
SC08855,31.01,50.79,72,high
SC08856,21.36,82.62,26,low
SC08857,23.79,32.85,31,low
SC08858,19.74,98.09,47,low
SC08859,33.51,45.21,45,medium
SC08860,34.79,54.31,94,medium
SC08861,31.66,41.98,46,medium
SC08862,40.06,66.35,89,high
SC08863,41.25,24.69,39,low
SC08864,34.62,31.97,2,low
SC08865,18.34,79.66,74,low
SC08866,36.77,34.92,28,low
SC08867,29.29,38.84,90,low
SC08868,33.27,83.44,57,medium
SC08869,35.53,27.46,49,medium
SC08870,27.46,55.0,9,high
SC08871,42.76,21.85,60,medium
SC08872,21.62,47.74,98,low
SC08873,36.13,75.92,60,medium
SC08874,18.12,27.21,22,medium
SC08875,42.97,91.07,5,high
SC08876,21.04,92.76,74,high
SC08877,20.56,28.4,59,medium
SC08878,26.99,99.26,26,medium
SC08879,28.09,43.8,54,low
SC08880,23.79,26.73,30,medium
SC08881,33.8,20.41,29,high
SC08882,29.96,52.68,66,medium
SC08883,18.92,70.38,12,low
SC08884,26.63,46.57,58,medium
SC08885,39.88,86.94,53,high
SC08886,36.62,77.33,20,low
SC08887,37.57,48.01,42,medium
SC08888,36.85,78.74,10,low
SC08889,26.4,95.24,66,low
SC08890,20.69,27.45,37,medium
SC08891,25.36,44.49,94,medium
SC08892,40.46,57.07,23,low
SC08893,44.47,59.84,50,medium
SC08894,31.33,63.38,75,medium
SC08895,18.26,44.05,60,low
SC08896,21.78,73.38,45,high
SC08897,26.7,71.61,42,low
SC08898,33.62,66.23,26,medium
SC08899,20.03,29.1,84,low
SC08900,43.47,58.16,88,medium
SC08901,27.86,48.5,29,medium
SC08902,42.64,59.28,93,medium
SC08903,39.07,93.75,62,high
SC08904,38.4,58.44,9,high
SC08905,34.38,21.12,2,medium
SC08906,34.92,55.11,76,low
SC08907,35.23,85.65,59,medium
SC08908,34.98,82.4,26,medium
SC08909,32.95,61.07,81,low
SC08910,44.63,39.98,44,low
SC08911,37.77,57.21,61,low
SC08912,38.98,65.1,23,low
SC08913,41.56,99.99,45,medium
SC08914,23.82,71.53,77,high
SC08915,20.26,75.54,43,medium
SC08916,31.04,59.32,62,high
SC08917,31.88,48.36,3,low
SC08918,40.39,85.04,15,low
SC08919,29.98,59.59,50,medium
SC08920,33.41,99.58,73,high
SC08921,32.23,56.57,100,medium
SC08922,19.03,25.44,90,medium
SC08923,34.61,74.61,47,high
SC08924,40.36,23.73,64,medium
SC08925,22.25,40.04,68,high
SC08926,34.05,48.3,76,high
SC08927,34.03,79.16,44,low
SC08928,22.43,59.54,2,high
SC08929,21.33,22.29,16,low
SC08930,44.46,69.35,82,high
SC08931,28.63,52.91,36,low
SC08932,24.14,93.75,4,medium
SC08933,22.63,59.96,46,high
SC08934,36.03,76.72,43,low
SC08935,34.46,37.51,87,high
SC08936,35.38,80.88,32,medium
SC08937,20.38,77.68,20,low
SC08938,42.13,92.33,66,high
SC08939,28.51,22.71,67,low
SC08940,26.46,55.8,31,high
SC08941,30.48,74.33,23,medium
SC08942,28.53,27.61,34,high
SC08943,41.32,52.85,17,high
SC08944,43.09,95.37,66,medium
SC08945,26.19,54.87,53,high
SC08946,41.33,98.83,25,low
SC08947,39.1,24.55,59,high
SC08948,43.13,77.43,87,medium
SC08949,24.64,66.48,64,low
SC08950,33.58,60.04,50,medium
SC08951,25.41,97.67,97,medium
SC08952,40.25,30.37,59,high
SC08953,18.14,91.68,58,low
SC08954,33.25,75.3,75,low
SC08955,27.16,40.72,16,low
SC08956,26.71,92.13,84,low
SC08957,35.41,54.34,20,low
SC08958,40.99,85.14,66,medium
SC08959,34.45,51.11,27,medium
SC08960,41.04,88.07,88,high
SC08961,25.14,70.93,43,high
SC08962,32.03,31.28,69,low
SC08963,30.16,71.97,61,low
SC08964,18.31,35.31,41,high
SC08965,33.03,52.95,93,high
SC08966,35.86,33.62,95,high
SC08967,33.98,21.76,21,medium
SC08968,37.88,36.95,37,low
SC08969,33.43,62.91,13,medium
SC08970,19.8,58.52,97,high
SC08971,21.14,60.12,25,low
SC08972,34.1,39.81,39,medium
SC08973,25.42,74.81,53,low
SC08974,20.15,76.34,12,medium
SC08975,29.6,48.64,93,medium
SC08976,32.97,90.49,18,medium
SC08977,26.88,71.52,41,medium
SC08978,37.45,77.04,40,medium
SC08979,35.38,42.19,49,high
SC08980,26.99,20.05,2,medium
SC08981,38.38,89.23,30,high
SC08982,35.51,85.79,75,low
SC08983,35.21,29.86,14,medium
SC08984,32.94,49.93,53,low
SC08985,18.31,72.91,52,low
SC08986,36.81,72.17,44,low
SC08987,28.15,88.83,37,medium
SC08988,43.45,31.22,77,medium
SC08989,40.09,54.4,98,high
SC08990,33.87,27.78,79,high
SC08991,24.81,51.17,49,low
SC08992,23.5,21.21,23,high
SC08993,27.19,91.86,16,medium
SC08994,30.87,62.16,17,high
SC08995,25.99,87.98,41,medium
SC08996,31.9,24.79,16,low
SC08997,22.47,38.2,15,medium
SC08998,44.4,40.75,84,medium
SC08999,20.91,50.94,87,high
SC09000,43.16,84.23,97,low
SC09001,42.67,50.92,51,medium
SC09002,32.18,36.37,35,medium
SC09003,37.57,25.2,90,medium
SC09004,29.77,26.36,38,high
SC09005,35.01,80.8,80,high
SC09006,27.2,55.58,24,high
SC09007,26.13,78.09,41,low
SC09008,33.61,74.58,20,low
SC09009,31.45,30.83,67,low
SC09010,33.65,31.43,88,low
SC09011,25.74,80.43,58,medium
SC09012,27.91,77.7,29,medium
SC09013,20.27,50.24,56,high
SC09014,19.41,26.19,32,medium
SC09015,24.84,20.97,89,medium
SC09016,20.0,43.05,88,medium
SC09017,20.8,20.74,52,medium
SC09018,39.95,38.41,15,medium
SC09019,19.05,53.56,48,low
SC09020,35.79,29.71,87,high
SC09021,25.36,28.34,4,high
SC09022,41.53,91.71,76,high
SC09023,31.09,66.84,93,medium
SC09024,26.25,94.76,59,medium
SC09025,31.98,47.67,70,medium
SC09026,28.31,74.17,80,low
SC09027,33.24,36.38,54,medium
SC09028,21.09,69.47,90,high
SC09029,44.92,30.37,34,low
SC09030,29.49,20.17,68,medium
SC09031,27.4,94.52,41,high
SC09032,37.18,64.39,68,medium
SC09033,27.83,94.16,23,medium
SC09034,40.5,46.71,70,high
SC09035,30.27,46.22,70,medium
SC09036,37.43,52.05,54,high
SC09037,20.9,76.48,13,low
SC09038,40.85,65.26,54,high
SC09039,37.86,94.03,14,low
SC09040,23.72,22.04,4,low
SC09041,21.92,76.66,100,medium
SC09042,26.54,46.43,3,medium
SC09043,44.35,34.42,29,high
SC09044,24.93,60.83,83,low
SC09045,30.32,60.41,52,high
SC09046,18.81,30.96,89,low
SC09047,28.73,36.15,72,high
SC09048,33.43,52.65,29,medium
SC09049,43.73,52.7,85,low
SC09050,31.95,45.4,93,high
SC09051,40.12,31.88,83,high
SC09052,32.77,20.35,91,high
SC09053,19.1,97.62,60,low
SC09054,26.51,95.48,70,medium
SC09055,33.54,58.69,67,medium
SC09056,43.67,99.6,91,high
SC09057,41.2,73.89,54,medium
SC09058,24.17,25.51,98,medium
SC09059,23.94,29.42,96,high
SC09060,23.43,93.29,70,high
SC09061,42.91,70.4,72,high
SC09062,41.02,87.45,97,high
SC09063,38.92,91.86,41,medium
SC09064,28.6,55.84,97,low
SC09065,31.62,23.88,76,high
SC09066,30.54,35.06,28,medium
SC09067,24.84,25.33,34,low
SC09068,31.64,35.1,44,high
SC09069,18.82,52.84,73,high
SC09070,21.56,29.46,93,high
SC09071,41.94,33.34,89,medium
SC09072,38.3,55.67,98,medium
SC09073,29.42,47.21,91,high
SC09074,31.96,57.41,28,low
SC09075,27.99,54.33,69,high
SC09076,38.0,71.56,2,high
SC09077,39.17,94.98,92,medium
SC09078,38.61,28.63,56,high
SC09079,37.51,27.94,65,medium
SC09080,23.52,88.22,21,low
SC09081,27.13,60.51,26,low
SC09082,30.69,81.31,21,high
SC09083,26.93,37.23,73,low
SC09084,38.38,86.31,48,medium
SC09085,26.89,93.91,82,low
SC09086,21.73,70.84,23,high
SC09087,28.77,28.47,26,low
SC09088,44.46,91.62,35,medium
SC09089,24.1,83.4,16,medium
SC09090,34.53,80.07,55,high
SC09091,29.69,22.94,9,medium
SC09092,19.92,83.92,53,high
SC09093,31.17,31.04,80,medium
SC09094,36.96,37.79,73,low
SC09095,31.86,66.17,73,medium
SC09096,41.55,41.2,37,medium
SC09097,25.8,72.91,80,medium
SC09098,20.33,68.65,89,high
SC09099,43.29,28.65,89,medium
SC09100,28.21,72.48,97,low
SC09101,33.56,93.92,3,low
SC09102,39.38,32.89,49,high
SC09103,26.76,67.76,90,high
SC09104,37.34,47.35,60,low
SC09105,21.66,56.77,20,low
SC09106,25.86,42.96,35,medium
SC09107,21.91,48.33,45,high
SC09108,39.9,22.31,94,low
SC09109,24.01,98.52,70,medium
SC09110,37.37,69.98,43,low
SC09111,43.47,60.06,63,high
SC09112,32.25,50.7,97,low
SC09113,32.58,63.15,17,low
SC09114,30.45,50.41,87,medium
SC09115,26.8,48.79,12,medium
SC09116,30.84,57.12,12,high
SC09117,34.28,42.08,24,low
SC09118,44.62,34.4,4,medium
SC09119,43.32,64.53,38,low
SC09120,41.28,87.42,28,medium
SC09121,42.01,32.23,56,low
SC09122,30.63,22.62,45,low
SC09123,35.75,39.74,32,low
SC09124,42.17,98.38,87,medium
SC09125,28.61,86.3,9,medium
SC09126,43.97,67.67,57,medium
SC09127,29.23,94.34,24,medium
SC09128,34.23,55.62,73,low
SC09129,37.16,98.66,38,low
SC09130,43.67,43.7,15,low
SC09131,24.6,39.22,59,low
SC09132,38.15,71.04,27,low
SC09133,32.06,50.25,75,low
SC09134,25.25,70.11,43,high
SC09135,38.97,44.4,57,medium
SC09136,32.91,69.43,31,medium
SC09137,35.85,42.06,62,high
SC09138,26.72,24.08,92,high
SC09139,30.99,92.97,44,medium
SC09140,34.67,90.66,52,medium
SC09141,28.93,97.66,60,high
SC09142,23.36,77.32,49,high
SC09143,43.96,74.62,26,high
SC09144,31.81,64.72,25,medium
SC09145,37.82,30.08,2,medium
SC09146,29.1,35.14,89,medium
SC09147,27.59,43.16,38,medium
SC09148,28.99,91.21,64,medium
SC09149,29.05,33.84,34,high
SC09150,32.69,93.83,52,high
SC09151,32.67,61.82,90,medium
SC09152,31.42,77.25,45,medium
SC09153,21.64,28.82,67,medium
SC09154,31.39,41.52,82,low
SC09155,22.57,96.68,21,high
SC09156,21.41,41.29,59,medium
SC09157,43.18,43.72,5,low
SC09158,34.33,35.81,51,medium
SC09159,35.81,30.33,72,high
SC09160,28.85,38.66,74,low
SC09161,42.54,71.39,85,low
SC09162,35.22,56.43,72,medium
SC09163,38.77,64.3,28,high
SC09164,27.95,29.79,42,low
SC09165,43.92,84.17,73,high
SC09166,40.15,82.73,33,medium
SC09167,41.06,21.73,30,low
SC09168,22.65,50.68,85,low
SC09169,25.32,25.5,45,low
SC09170,25.71,83.37,3,high
SC09171,25.31,78.98,1,high
SC09172,41.1,92.16,4,low
SC09173,18.86,38.91,45,medium
SC09174,20.05,56.5,78,high
SC09175,25.4,34.76,18,medium
SC09176,23.4,49.7,37,low
SC09177,24.26,61.78,58,low
SC09178,39.54,24.27,78,high
SC09179,33.2,77.19,71,medium
SC09180,18.16,63.46,19,medium
SC09181,29.59,86.32,75,medium
SC09182,29.01,41.74,67,low
SC09183,21.08,92.27,52,low
SC09184,36.26,99.9,54,high
SC09185,36.96,93.54,38,high
SC09186,37.46,82.23,35,medium
SC09187,37.67,84.99,57,low
SC09188,18.0,65.9,14,medium
SC09189,43.76,35.21,0,medium
SC09190,39.98,74.16,94,medium
SC09191,42.41,77.02,8,high
SC09192,18.42,98.83,22,low
SC09193,43.21,63.3,51,medium
SC09194,39.86,41.71,25,low
SC09195,40.6,74.69,59,medium
SC09196,20.52,98.35,17,medium
SC09197,37.95,34.18,96,medium
SC09198,43.92,46.08,77,low
SC09199,36.32,63.35,57,medium
SC09200,33.41,33.62,64,high
SC09201,43.53,21.78,76,medium
SC09202,29.96,46.96,78,low
SC09203,34.18,89.23,100,high
SC09204,30.86,23.48,68,low
SC09205,43.19,54.31,13,medium
SC09206,20.05,80.98,77,medium
SC09207,31.53,96.25,45,low
SC09208,36.55,98.84,68,medium
SC09209,39.38,53.76,74,high
SC09210,33.74,96.03,31,low
SC09211,42.54,22.83,50,medium
SC09212,43.43,79.67,68,low
SC09213,19.74,71.42,99,medium
SC09214,28.86,39.96,14,low
SC09215,18.63,60.59,52,low
SC09216,26.89,30.36,70,low
SC09217,32.5,89.73,68,low
SC09218,42.59,48.63,93,medium
SC09219,40.86,70.08,14,medium
SC09220,21.44,32.7,29,medium
SC09221,20.51,36.49,77,low
SC09222,33.91,99.36,23,low
SC09223,32.37,80.25,87,medium
SC09224,25.19,96.96,34,high
SC09225,42.29,43.67,68,medium
SC09226,43.04,33.17,11,high
SC09227,28.87,60.25,83,high
SC09228,42.04,59.57,45,low
SC09229,28.37,34.0,68,low
SC09230,37.89,78.66,35,high
SC09231,30.85,48.94,84,low
SC09232,21.31,34.91,47,medium
SC09233,43.05,46.56,66,high
SC09234,30.26,65.09,92,medium
SC09235,37.83,78.12,53,low
SC09236,27.91,58.55,88,high
SC09237,18.51,62.05,90,medium
SC09238,20.71,31.12,35,high
SC09239,31.4,93.18,51,low
SC09240,36.63,94.3,21,medium
SC09241,27.04,74.67,37,high
SC09242,36.78,21.41,98,low
SC09243,36.86,62.97,61,low
SC09244,37.01,70.34,64,low
SC09245,31.3,99.57,2,medium
SC09246,42.7,99.69,87,high
SC09247,31.21,88.61,7,low
SC09248,30.16,25.11,38,low
SC09249,23.38,96.26,17,medium
SC09250,26.31,69.01,2,low
SC09251,19.14,84.07,17,medium
SC09252,35.11,52.58,79,medium
SC09253,24.71,45.57,95,medium
SC09254,26.21,57.06,0,low
SC09255,38.81,31.75,25,low
SC09256,26.83,48.57,51,high
SC09257,24.54,88.61,11,low
SC09258,22.56,23.04,37,high
SC09259,38.92,32.07,84,high
SC09260,21.5,30.01,40,low
SC09261,30.25,52.25,52,high
SC09262,31.69,99.76,12,low
SC09263,36.56,33.87,75,high
SC09264,35.1,31.64,12,medium
SC09265,39.89,93.2,17,low
SC09266,19.21,90.56,18,high
SC09267,26.0,22.58,18,high
SC09268,25.56,80.14,69,medium
SC09269,21.94,72.44,47,medium
SC09270,25.81,81.42,70,high
SC09271,26.36,59.56,70,medium
SC09272,32.09,99.31,27,low
SC09273,35.92,23.51,91,medium
SC09274,28.29,38.75,18,high
SC09275,37.43,51.72,79,high
SC09276,27.08,55.98,80,high
SC09277,25.84,93.71,85,low
SC09278,32.61,64.8,82,medium
SC09279,18.64,23.61,47,low
SC09280,20.15,52.63,28,high
SC09281,29.29,53.32,47,medium
SC09282,43.46,97.24,18,low
SC09283,37.48,67.94,98,medium
SC09284,20.38,70.85,46,low
SC09285,40.85,77.06,88,low
SC09286,37.77,81.6,59,medium
SC09287,34.5,70.8,47,high
SC09288,40.15,38.98,19,low
SC09289,28.91,89.92,100,low
SC09290,23.98,78.57,18,low
SC09291,31.82,79.35,41,medium
SC09292,32.82,99.72,76,low
SC09293,32.53,84.2,75,high
SC09294,33.26,86.33,48,high
SC09295,43.62,96.11,14,medium
SC09296,42.36,32.09,59,high
SC09297,41.64,59.82,67,medium
SC09298,39.64,66.45,78,low
SC09299,43.47,46.34,80,low
SC09300,20.66,87.15,26,medium
SC09301,25.16,80.99,74,high
SC09302,31.37,77.67,54,high
SC09303,40.86,99.77,86,high
SC09304,31.64,40.75,14,high
SC09305,38.2,78.84,51,low
SC09306,21.75,64.11,30,low
SC09307,24.82,45.04,89,medium
SC09308,37.76,32.85,6,medium
SC09309,22.45,91.67,12,medium
SC09310,27.49,67.64,53,high
SC09311,25.15,85.99,12,high
SC09312,27.45,63.63,19,medium
SC09313,37.12,37.6,97,low
SC09314,27.93,47.0,9,low
SC09315,32.99,50.52,51,medium
SC09316,20.7,97.83,36,high
SC09317,39.74,20.45,51,low
SC09318,27.99,98.85,26,medium
SC09319,35.51,98.44,33,high
SC09320,37.59,99.69,99,low
SC09321,23.66,58.13,61,low
SC09322,41.89,97.1,15,medium
SC09323,34.64,51.65,58,medium
SC09324,29.58,22.1,20,high
SC09325,22.92,37.95,15,low
SC09326,43.44,95.62,80,medium
SC09327,38.39,21.1,78,low
SC09328,23.62,63.68,12,medium
SC09329,27.12,26.05,32,low
SC09330,39.86,42.91,53,high
SC09331,36.78,27.05,68,medium
SC09332,38.68,88.76,26,high
SC09333,29.91,67.29,51,medium
SC09334,37.34,92.17,64,medium
SC09335,28.44,75.07,43,high
SC09336,23.7,97.68,29,low
SC09337,35.08,60.79,22,low
SC09338,44.35,71.1,78,medium
SC09339,26.39,66.1,99,medium
SC09340,30.45,58.74,82,medium
SC09341,36.2,87.68,93,medium
SC09342,32.62,71.56,15,low
SC09343,40.77,84.1,54,low
SC09344,38.57,82.91,17,low
SC09345,19.57,35.28,89,high
SC09346,44.96,72.01,16,high
SC09347,38.31,35.97,74,low
SC09348,41.33,66.67,51,low
SC09349,35.58,74.19,44,low
SC09350,41.12,99.78,55,low
SC09351,21.03,22.44,92,high
SC09352,27.39,27.3,53,low
SC09353,41.66,26.16,8,low
SC09354,23.44,51.87,16,medium
SC09355,20.11,85.73,26,low
SC09356,39.28,87.52,36,medium
SC09357,40.56,78.96,21,medium
SC09358,22.39,91.75,71,medium
SC09359,41.07,45.83,66,low
SC09360,36.54,27.05,37,medium
SC09361,32.04,24.65,98,high
SC09362,40.42,88.17,95,low
SC09363,29.32,78.43,71,low
SC09364,23.24,75.89,43,low
SC09365,25.69,47.17,90,medium
SC09366,31.64,50.39,95,low
SC09367,32.35,96.65,35,low
SC09368,39.75,25.1,97,low
SC09369,39.37,81.9,24,medium
SC09370,33.7,44.77,94,low
SC09371,39.08,23.12,41,high
SC09372,23.18,79.41,12,medium
SC09373,19.35,46.47,55,medium
SC09374,41.59,77.77,78,medium
SC09375,20.04,76.61,50,medium
SC09376,24.66,62.78,49,high
SC09377,36.77,82.19,76,high
SC09378,29.06,66.48,51,medium
SC09379,41.66,42.93,32,high
SC09380,26.05,78.73,94,medium
SC09381,18.32,67.13,24,low
SC09382,26.12,21.02,57,low
SC09383,33.61,92.13,39,medium
SC09384,28.15,63.65,86,low
SC09385,32.44,89.49,37,low
SC09386,41.67,90.62,2,low
SC09387,42.64,55.6,15,high
SC09388,25.18,60.61,1,low
SC09389,30.48,53.26,22,medium
SC09390,32.83,55.95,97,high
SC09391,43.63,91.61,29,medium
SC09392,44.96,83.05,9,medium
SC09393,24.36,30.12,64,high
SC09394,37.63,68.82,21,medium
SC09395,28.21,99.67,51,low
SC09396,18.22,67.64,55,high
SC09397,18.25,82.87,32,low
SC09398,30.44,81.52,88,high
SC09399,31.19,48.03,85,low
SC09400,18.61,49.75,79,medium
SC09401,36.55,77.93,29,medium
SC09402,25.94,60.0,81,high
SC09403,33.12,65.65,23,medium
SC09404,26.12,77.03,4,high
SC09405,22.51,82.21,52,medium
SC09406,28.99,41.72,100,medium
SC09407,24.27,31.74,54,medium
SC09408,32.44,43.34,22,low
SC09409,23.37,60.6,90,high
SC09410,31.73,47.37,75,low
SC09411,22.25,65.47,9,medium
SC09412,36.12,24.28,97,high
SC09413,38.36,60.78,32,high
SC09414,20.98,49.44,79,medium
SC09415,30.63,62.77,92,medium
SC09416,19.91,53.8,61,medium
SC09417,34.15,42.74,81,high
SC09418,25.14,92.33,26,high
SC09419,32.25,34.78,6,medium
SC09420,31.97,74.51,99,medium
SC09421,42.96,93.97,26,low
SC09422,32.83,63.09,73,low
SC09423,33.74,90.11,9,high
SC09424,28.84,29.99,74,high
SC09425,43.63,59.5,56,medium
SC09426,38.98,56.56,29,high
SC09427,25.71,20.65,2,low
SC09428,40.79,55.46,28,medium
SC09429,29.67,49.52,13,medium
SC09430,40.37,73.58,76,medium
SC09431,40.22,95.07,82,medium
SC09432,23.1,26.86,24,low
SC09433,36.93,46.2,9,medium
SC09434,25.85,55.53,78,medium
SC09435,26.03,56.41,91,high
SC09436,26.0,81.98,48,high
SC09437,37.59,55.47,37,low
SC09438,24.21,22.17,70,medium
SC09439,18.02,76.81,13,low
SC09440,37.31,90.79,29,low
SC09441,22.62,61.11,39,medium
SC09442,20.82,66.49,11,low
SC09443,24.41,33.03,91,medium
SC09444,28.26,37.65,13,medium
SC09445,30.85,38.81,0,low
SC09446,19.2,54.46,67,medium
SC09447,44.21,94.25,48,low
SC09448,37.33,61.74,17,low
SC09449,26.73,35.37,35,low
SC09450,26.6,41.29,63,low
SC09451,30.11,50.72,95,medium
SC09452,34.91,69.86,27,medium
SC09453,21.95,55.2,91,medium
SC09454,23.1,51.4,31,low
SC09455,41.2,65.18,71,low
SC09456,24.92,39.35,24,high
SC09457,28.27,26.31,46,low
SC09458,41.52,21.95,19,medium
SC09459,35.9,40.1,32,low
SC09460,27.23,27.33,29,high
SC09461,36.46,46.91,36,low
SC09462,18.53,81.83,79,medium
SC09463,37.86,77.3,52,low
SC09464,31.15,68.87,88,medium
SC09465,39.96,88.2,73,medium
SC09466,43.78,42.57,68,low
SC09467,43.0,90.8,7,low
SC09468,42.55,51.94,96,high
SC09469,31.83,52.07,100,high
SC09470,27.72,52.43,0,medium
SC09471,30.56,27.85,94,high
SC09472,36.63,98.04,6,low
SC09473,41.87,31.08,61,high
SC09474,23.59,47.27,86,low
SC09475,42.79,45.54,57,medium
SC09476,40.01,25.97,87,high
SC09477,44.43,32.18,77,low
SC09478,41.77,23.59,86,medium
SC09479,25.56,43.39,72,medium
SC09480,20.86,89.33,7,medium
SC09481,21.03,47.16,63,high
SC09482,25.86,29.9,7,high
SC09483,34.58,71.66,2,low
SC09484,39.72,99.73,57,medium
SC09485,42.28,38.59,31,medium
SC09486,34.84,42.37,67,low
SC09487,18.15,97.75,48,high
SC09488,23.03,34.3,37,low
SC09489,20.69,60.9,1,low
SC09490,27.81,39.17,8,low
SC09491,31.54,94.59,45,low
SC09492,19.17,98.52,64,low
SC09493,27.41,85.18,48,medium
SC09494,22.84,45.18,74,medium
SC09495,35.47,52.28,28,medium
SC09496,30.54,39.38,89,low
SC09497,31.37,91.26,90,medium
SC09498,29.55,93.16,28,medium
SC09499,43.81,53.51,32,medium
SC09500,23.8,72.52,27,low
SC09501,31.95,33.24,94,low
SC09502,37.87,54.79,82,low
SC09503,33.03,70.52,25,medium
SC09504,43.08,50.83,28,low
SC09505,28.21,48.61,10,medium
SC09506,30.52,20.08,95,medium
SC09507,20.39,84.34,84,high
SC09508,34.44,91.15,33,high
SC09509,25.78,97.56,85,high
SC09510,22.33,77.54,47,high
SC09511,32.7,63.9,26,medium
SC09512,32.37,41.54,71,high
SC09513,20.05,99.94,39,medium
SC09514,36.85,67.18,30,medium
SC09515,34.84,74.49,64,medium
SC09516,23.1,74.59,38,medium
SC09517,30.67,87.62,97,high
SC09518,37.45,20.77,23,low
SC09519,32.29,37.62,91,low
SC09520,28.68,73.24,67,high
SC09521,26.7,91.61,81,medium
SC09522,34.48,74.83,92,high
SC09523,43.36,53.08,22,high
SC09524,36.14,48.92,100,low
SC09525,20.02,79.04,60,low
SC09526,30.44,79.3,26,low
SC09527,42.05,68.56,15,high
SC09528,20.55,43.32,44,low
SC09529,44.7,94.01,26,low
SC09530,43.62,64.15,72,low
SC09531,20.11,83.24,4,medium
SC09532,43.2,37.14,58,low
SC09533,27.8,47.52,71,high
SC09534,40.81,89.97,81,medium
SC09535,29.3,24.01,34,high
SC09536,29.9,60.99,69,medium
SC09537,35.12,58.54,86,medium
SC09538,38.91,80.1,45,medium
SC09539,18.91,42.55,89,medium
SC09540,34.02,37.53,55,low
SC09541,23.04,94.09,23,high
SC09542,27.34,65.74,9,medium
SC09543,27.4,28.38,78,low
SC09544,30.66,35.44,37,low
SC09545,27.02,99.91,83,low
SC09546,20.9,35.65,92,low
SC09547,21.93,68.84,69,medium
SC09548,18.9,53.61,47,low
SC09549,30.7,90.85,8,low
SC09550,43.77,80.41,49,medium
SC09551,21.12,67.76,68,high
SC09552,43.55,20.86,47,low
SC09553,37.8,90.38,38,low
SC09554,35.21,55.57,82,medium
SC09555,35.42,94.53,4,medium
SC09556,40.32,59.64,83,medium
SC09557,20.89,75.54,10,medium
SC09558,31.63,25.54,59,high
SC09559,36.82,79.61,26,high
SC09560,33.84,47.04,92,high
SC09561,40.49,48.11,6,medium
SC09562,19.95,29.49,59,high
SC09563,36.65,31.75,49,high
SC09564,32.42,34.86,66,medium
SC09565,28.24,46.26,68,medium
SC09566,27.19,91.36,54,high
SC09567,34.76,49.46,76,high
SC09568,42.06,77.95,15,low
SC09569,31.4,26.62,11,medium
SC09570,40.27,67.29,26,high
SC09571,28.86,58.55,32,medium
SC09572,20.76,98.24,78,low
SC09573,19.66,87.7,84,low
SC09574,19.39,56.39,80,medium
SC09575,28.26,82.01,54,high
SC09576,27.11,35.44,51,low
SC09577,37.38,64.99,36,medium
SC09578,38.06,25.97,14,high
SC09579,19.37,47.85,83,low
SC09580,23.97,38.07,82,low
SC09581,25.41,77.51,64,high
SC09582,32.79,59.21,67,high
SC09583,21.9,80.09,2,low
SC09584,21.62,61.22,71,high
SC09585,43.48,26.92,4,medium
SC09586,39.71,78.83,8,low
SC09587,22.88,86.66,0,high
SC09588,28.98,92.28,29,medium
SC09589,27.6,65.76,70,high
SC09590,39.36,80.29,85,low
SC09591,31.78,80.16,19,high
SC09592,21.45,32.46,92,low
SC09593,37.95,33.14,26,medium
SC09594,28.72,25.67,88,medium
SC09595,25.1,45.59,98,low
SC09596,28.14,57.88,90,high
SC09597,31.44,99.83,62,low
SC09598,27.26,54.48,74,medium
SC09599,24.53,78.1,80,high
SC09600,28.76,75.47,30,medium
SC09601,18.52,36.36,81,low
SC09602,38.86,24.68,18,high
SC09603,22.62,63.68,92,medium
SC09604,19.19,76.02,78,low
SC09605,35.65,99.86,61,low
SC09606,38.9,48.69,6,medium
SC09607,39.97,91.71,100,medium
SC09608,31.32,50.55,36,medium
SC09609,23.54,75.15,70,low
SC09610,37.91,67.86,85,medium
SC09611,36.89,24.24,75,low
SC09612,24.65,26.27,7,low
SC09613,42.39,21.66,56,high
SC09614,20.82,49.67,81,low
SC09615,44.53,79.66,27,low
SC09616,41.23,33.82,81,high
SC09617,36.57,68.47,94,low
SC09618,43.35,43.11,16,medium
SC09619,37.5,83.76,86,high
SC09620,23.14,83.87,10,low
SC09621,29.94,82.03,14,high
SC09622,19.93,61.99,29,high
SC09623,28.52,42.77,94,medium
SC09624,38.02,84.76,5,low
SC09625,28.43,34.89,11,high
SC09626,26.92,43.18,86,medium
SC09627,34.07,34.72,60,medium
SC09628,41.55,73.94,35,high
SC09629,19.28,74.9,34,medium
SC09630,28.41,72.2,66,medium
SC09631,22.27,53.25,91,high
SC09632,36.77,28.01,78,medium
SC09633,20.85,92.89,76,high
SC09634,35.95,60.62,62,low
SC09635,25.73,52.56,82,high
SC09636,23.37,67.11,39,medium
SC09637,43.28,35.42,81,low
SC09638,18.5,30.6,30,low
SC09639,29.82,52.44,36,medium
SC09640,18.58,38.18,84,high
SC09641,31.06,39.54,4,medium
SC09642,31.53,91.4,80,high
SC09643,26.68,62.46,82,medium
SC09644,21.57,58.68,3,high
SC09645,28.16,75.16,25,low
SC09646,36.15,96.12,23,medium
SC09647,39.12,28.98,38,low
SC09648,32.33,86.68,55,high
SC09649,33.93,66.72,53,medium
SC09650,23.42,31.69,37,low
SC09651,25.76,43.77,53,medium
SC09652,22.37,58.59,18,medium
SC09653,24.73,75.29,93,high
SC09654,24.07,39.41,25,medium
SC09655,32.03,62.79,51,medium
SC09656,33.19,74.77,74,high
SC09657,43.51,55.9,60,high
SC09658,23.28,89.04,66,low
SC09659,35.33,89.56,21,high
SC09660,40.07,57.66,16,medium
SC09661,33.13,97.83,10,medium
SC09662,24.89,26.05,38,medium
SC09663,25.09,20.27,60,low
SC09664,19.06,50.45,90,high
SC09665,26.25,68.09,48,medium
SC09666,38.1,70.34,92,medium
SC09667,19.28,58.12,60,high
SC09668,23.92,29.99,11,low
SC09669,37.07,33.64,12,low
SC09670,39.13,88.17,57,low
SC09671,30.29,89.43,10,high
SC09672,36.85,73.91,63,high
SC09673,28.47,73.14,30,low
SC09674,22.32,67.81,10,low
SC09675,28.75,36.23,42,medium
SC09676,33.66,54.26,35,medium
SC09677,43.6,75.67,1,medium
SC09678,19.86,62.98,86,medium
SC09679,31.7,21.49,60,low
SC09680,26.88,96.28,35,medium
SC09681,31.72,87.59,77,low
SC09682,18.65,40.84,100,low
SC09683,26.45,69.32,48,low
SC09684,40.14,93.86,26,medium
SC09685,32.96,27.68,11,low
SC09686,30.17,60.24,57,medium
SC09687,25.71,56.5,92,medium
SC09688,26.05,52.82,5,high
SC09689,28.34,86.85,43,medium
SC09690,40.56,50.45,46,low
SC09691,44.11,25.09,22,high
SC09692,29.84,25.27,73,low
SC09693,28.62,23.42,97,medium
SC09694,40.86,52.73,75,high
SC09695,29.53,77.47,95,medium
SC09696,32.9,36.3,25,medium
SC09697,24.24,71.72,6,low
SC09698,38.07,74.97,31,low
SC09699,32.36,40.42,32,medium
SC09700,39.84,68.04,81,medium
SC09701,39.08,74.79,98,low
SC09702,23.81,57.33,19,low
SC09703,37.32,46.94,94,medium
SC09704,39.6,69.53,68,medium
SC09705,27.34,98.23,95,high
SC09706,22.66,54.15,51,high
SC09707,18.07,51.34,41,high
SC09708,30.17,57.14,82,low
SC09709,27.52,26.1,0,low
SC09710,32.98,64.25,62,low
SC09711,23.08,46.3,6,medium
SC09712,41.21,29.71,57,medium
SC09713,24.96,57.3,85,high
SC09714,24.11,20.27,49,high
SC09715,30.98,52.14,33,low
SC09716,31.47,28.46,50,high
SC09717,23.81,21.94,9,medium
SC09718,25.34,85.96,25,low
SC09719,22.58,93.3,31,medium
SC09720,37.4,36.61,41,medium
SC09721,38.79,63.14,90,high
SC09722,30.48,42.24,61,low
SC09723,37.28,59.49,11,low
SC09724,37.87,54.93,39,low
SC09725,21.73,41.52,86,low
SC09726,44.09,76.03,77,high
SC09727,40.17,30.12,33,high
SC09728,23.52,24.25,80,high
SC09729,23.03,81.41,69,low
SC09730,21.39,73.27,26,low
SC09731,21.74,59.88,7,high
SC09732,38.2,57.42,96,high
SC09733,30.68,59.79,98,low
SC09734,39.14,54.96,46,high
SC09735,38.15,51.43,80,low
SC09736,34.32,59.98,25,high
SC09737,36.53,62.28,56,low
SC09738,18.5,75.35,6,high
SC09739,26.42,76.9,87,low
SC09740,35.22,50.21,88,medium
SC09741,18.25,53.08,98,low
SC09742,18.89,49.9,25,medium
SC09743,41.0,62.92,58,medium
SC09744,36.47,56.27,68,medium
SC09745,25.16,91.17,46,low
SC09746,36.57,75.71,34,medium
SC09747,39.4,91.89,29,low
SC09748,26.28,76.73,49,low
SC09749,18.97,97.68,88,medium
SC09750,43.19,70.86,23,low
SC09751,27.32,97.08,29,high
SC09752,20.88,32.65,83,high
SC09753,31.28,24.2,53,high
SC09754,38.75,66.33,66,low
SC09755,23.98,98.68,31,low
SC09756,25.28,53.41,7,high
SC09757,24.55,36.96,49,low
SC09758,44.78,61.72,46,high
SC09759,23.33,71.9,86,low
SC09760,33.54,45.21,45,medium
SC09761,42.98,77.18,79,medium
SC09762,21.97,98.01,34,high
SC09763,44.21,91.76,60,low
SC09764,43.58,43.33,88,low
SC09765,41.88,46.14,78,high
SC09766,23.79,49.72,50,low
SC09767,35.12,51.56,62,low
SC09768,38.54,28.03,7,low
SC09769,44.62,80.96,33,medium
SC09770,22.87,49.23,24,high
SC09771,38.68,90.39,43,high
SC09772,27.15,94.16,82,low
SC09773,22.74,21.95,42,low
SC09774,29.38,99.08,49,medium
SC09775,39.43,76.8,12,low
SC09776,30.55,61.63,45,low
SC09777,32.51,51.16,75,medium
SC09778,44.87,61.48,78,low
SC09779,28.78,45.97,86,medium
SC09780,34.62,69.82,52,high
SC09781,27.86,27.44,62,high
SC09782,28.61,69.69,1,medium
SC09783,36.78,42.03,39,medium
SC09784,43.32,21.41,22,medium
SC09785,32.64,64.22,58,high
SC09786,38.75,66.28,68,high
SC09787,20.41,54.13,33,high
SC09788,23.7,25.78,73,medium
SC09789,31.56,91.47,26,low
SC09790,18.54,68.91,54,high
SC09791,24.83,29.26,3,high
SC09792,31.97,60.87,67,high
SC09793,18.4,59.78,71,medium
SC09794,25.14,24.83,69,medium
SC09795,31.88,68.55,88,low
SC09796,33.48,84.67,26,high
SC09797,43.0,79.92,46,high
SC09798,35.42,36.24,39,low
SC09799,29.2,88.98,83,medium
SC09800,43.12,47.4,26,low
SC09801,39.19,95.72,6,medium
SC09802,23.4,25.74,22,low
SC09803,21.53,58.9,83,medium
SC09804,36.25,67.77,63,low
SC09805,33.12,39.81,97,low
SC09806,39.32,81.71,28,high
SC09807,37.95,70.15,60,low
SC09808,34.88,21.45,43,high
SC09809,44.63,68.67,68,medium
SC09810,32.41,59.32,26,high
SC09811,21.05,35.68,11,high
SC09812,40.36,99.66,16,low
SC09813,24.8,91.77,36,low
SC09814,38.99,43.4,33,low
SC09815,43.84,63.29,93,medium
SC09816,36.81,45.32,35,low
SC09817,34.09,82.04,5,medium
SC09818,30.43,94.43,95,high
SC09819,27.84,48.71,31,medium
SC09820,27.53,84.45,72,low
SC09821,35.18,59.87,21,low
SC09822,38.28,51.73,9,low
SC09823,36.32,95.07,28,medium
SC09824,23.36,60.83,10,low
SC09825,31.34,57.39,91,high
SC09826,39.37,73.79,65,medium
SC09827,30.84,40.9,55,medium
SC09828,32.49,45.98,84,low
SC09829,38.82,94.56,94,medium
SC09830,35.85,74.28,57,high
SC09831,29.05,86.13,51,high
SC09832,42.18,41.69,60,low
SC09833,22.39,63.5,16,high
SC09834,44.88,97.71,90,low
SC09835,21.21,45.5,29,medium
SC09836,18.4,32.84,71,medium
SC09837,42.03,60.87,36,high
SC09838,24.61,51.03,4,low
SC09839,37.7,32.77,25,low
SC09840,39.9,91.08,69,medium
SC09841,41.19,99.26,79,high
SC09842,44.77,65.49,0,medium
SC09843,25.94,81.97,8,low
SC09844,37.18,88.72,84,high
SC09845,21.12,76.08,70,high
SC09846,28.98,23.53,63,high
SC09847,40.9,32.61,78,high
SC09848,27.93,25.68,23,high
SC09849,33.96,20.79,4,low
SC09850,31.6,44.48,50,low
SC09851,35.44,51.39,37,medium
SC09852,44.27,39.28,28,high
SC09853,19.5,25.17,45,high
SC09854,33.5,62.39,51,low
SC09855,41.3,41.87,45,low
SC09856,31.0,83.68,74,high
SC09857,20.12,20.64,67,medium
SC09858,33.13,87.4,58,low
SC09859,26.97,96.38,9,medium
SC09860,22.18,77.29,97,low
SC09861,40.92,78.69,3,high
SC09862,32.08,94.68,51,high
SC09863,43.2,36.73,73,high
SC09864,39.76,99.57,96,low
SC09865,36.71,81.88,17,high
SC09866,18.14,78.13,75,medium
SC09867,29.55,48.89,50,low
SC09868,23.33,63.66,22,medium
SC09869,42.59,72.31,24,high
SC09870,22.71,69.63,59,medium
SC09871,25.72,76.4,36,medium
SC09872,31.95,26.59,67,high
SC09873,25.11,48.45,76,low
SC09874,23.67,54.72,17,high
SC09875,34.18,40.85,28,high
SC09876,20.4,33.81,29,high
SC09877,19.57,31.11,91,medium
SC09878,28.05,49.31,6,low
SC09879,37.46,59.48,87,high
SC09880,32.98,25.04,40,low
SC09881,29.42,95.72,73,medium
SC09882,33.28,81.22,36,low
SC09883,27.87,78.47,26,low
SC09884,43.28,33.83,20,medium
SC09885,19.48,68.3,99,high
SC09886,36.18,62.38,42,medium
SC09887,42.06,98.6,50,low
SC09888,39.7,79.81,92,medium
SC09889,22.97,66.06,70,high
SC09890,25.99,88.07,12,low
SC09891,37.36,32.41,52,medium
SC09892,20.28,21.22,86,low
SC09893,39.92,75.22,62,medium
SC09894,37.41,27.86,56,medium
SC09895,37.7,29.23,24,high
SC09896,20.71,79.57,12,low
SC09897,37.38,41.64,36,medium
SC09898,36.36,70.29,29,medium
SC09899,40.43,93.39,89,medium
SC09900,19.12,45.32,11,medium
SC09901,18.62,37.37,64,low
SC09902,28.07,28.53,17,medium
SC09903,22.02,30.44,84,high
SC09904,33.08,24.98,61,low
SC09905,42.77,27.01,23,low
SC09906,28.57,54.56,59,medium
SC09907,40.81,45.67,16,high
SC09908,18.01,76.52,59,high
SC09909,22.55,89.62,8,medium
SC09910,18.82,82.78,51,medium
SC09911,26.86,62.45,91,medium
SC09912,42.52,28.2,14,low
SC09913,20.62,76.78,76,low
SC09914,34.37,49.03,27,high
SC09915,30.19,26.85,80,high
SC09916,43.34,87.4,8,high
SC09917,21.31,47.06,55,low
SC09918,23.72,37.46,84,medium
SC09919,18.8,89.72,93,medium
SC09920,29.72,92.17,74,medium
SC09921,25.5,47.12,93,high
SC09922,41.49,48.38,35,low
SC09923,34.33,66.37,55,low
SC09924,34.58,78.68,88,high
SC09925,32.36,25.05,70,high
SC09926,20.48,67.47,19,high
SC09927,30.02,96.23,54,high
SC09928,44.99,40.97,59,low
SC09929,40.55,92.71,34,medium
SC09930,42.12,96.01,73,low
SC09931,40.23,41.53,98,medium
SC09932,20.78,80.34,0,medium
SC09933,24.14,39.1,77,medium
SC09934,18.08,79.01,44,high
SC09935,26.19,83.79,68,medium
SC09936,20.93,39.78,39,low
SC09937,30.77,77.27,37,low
SC09938,36.28,84.97,97,low
SC09939,41.61,48.69,23,medium
SC09940,38.23,33.42,3,high
SC09941,43.34,27.36,90,medium
SC09942,19.46,66.03,68,high
SC09943,18.33,98.25,12,low
SC09944,35.86,85.84,20,medium
SC09945,25.81,54.87,100,medium
SC09946,24.84,62.93,31,low
SC09947,26.93,42.36,37,medium
SC09948,25.28,33.05,94,medium
SC09949,31.81,58.57,31,low
SC09950,29.88,57.08,78,high
SC09951,31.84,61.75,56,low
SC09952,36.16,96.22,47,low
SC09953,28.45,68.31,29,low
SC09954,24.79,68.46,70,medium
SC09955,22.49,30.24,37,low
SC09956,27.44,99.72,94,medium
SC09957,38.03,81.83,43,low
SC09958,38.43,90.18,25,low
SC09959,36.01,53.14,99,low
SC09960,24.32,60.17,89,low
SC09961,33.88,61.77,1,high
SC09962,33.41,35.53,42,medium
SC09963,31.08,75.16,42,low
SC09964,32.85,92.24,62,low
SC09965,31.28,33.1,72,high
SC09966,33.27,26.91,57,high
SC09967,37.32,79.06,47,high
SC09968,20.96,41.86,4,low
SC09969,38.24,69.91,90,low
SC09970,21.67,75.66,75,high
SC09971,19.8,45.75,34,low
SC09972,44.35,85.21,92,medium
SC09973,43.84,64.0,15,low
SC09974,19.63,89.52,82,low
SC09975,29.97,81.06,48,low
SC09976,23.03,89.49,59,medium
SC09977,31.1,21.61,50,high
SC09978,40.41,39.48,90,low
SC09979,43.67,27.2,81,low
SC09980,35.12,55.37,58,medium
SC09981,27.56,91.2,63,medium
SC09982,34.29,57.4,12,high
SC09983,26.42,87.98,93,high
SC09984,42.57,46.17,25,low
SC09985,41.5,47.17,69,medium
SC09986,33.07,91.64,2,high
SC09987,26.77,54.07,86,medium
SC09988,25.92,83.18,11,low
SC09989,18.9,38.93,40,low
SC09990,40.03,95.9,78,high
SC09991,30.16,65.97,64,high
SC09992,26.78,80.75,62,medium
SC09993,30.72,27.16,49,low
SC09994,40.11,59.41,46,medium
SC09995,21.36,92.08,7,low
SC09996,41.16,90.16,30,low
SC09997,42.23,23.75,10,medium
SC09998,43.56,44.3,16,high
SC09999,28.73,55.47,26,low
SC10000,23.86,33.78,94,high
